# format	bits(hex)	javaToString	ulp
float	b08864d8	-9.923964E-10	1.110223E-16
double	1fd3cbe491eea20b	2.307011210788015E-155	4.140210802639048E-171
float	b6485eaa	-2.9857424E-6	2.2737368E-13
double	1d653f3d44b8294d	4.503919486295736E-167	7.530999578446513E-183
float	f6bc9151	-1.9123031E33	1.5474251E26
double	74e4ef1da285bdd4	1.2278336109714334E255	2.0837545102749545E239
float	1301ab66	1.6366595E-27	1.92593E-34
double	36639db508c879c3	1.0737473356599745E-46	1.9446922743316068E-62
float	a8cef13e	-2.2975216E-14	1.6940659E-21
double	1d967d2e34b371b9	3.8137505382853537E-166	6.02479966275721E-182
float	e6cffdfc	-4.9110752E23	3.6028797E16
double	4d08676137e8a457	1.2548940265291241E63	1.8268770466636286E47
float	41dae8e	1.8535413E-36	1.8E-43
double	e8b843ffbda29547	-2.8341876496521987E196	4.149515568880993E180
float	fcc3ef5b	-8.138821E36	6.338253E29
double	21ba4292fa614b12	3.2859257880340023E-146	4.445517498970155E-162
float	455f7b45	3575.7043	2.4414062E-4
double	64c430d4485c241b	2.5568172167707313E177	4.4989137945431964E161
float	be1de6f6	-0.15420136	1.4901161E-8
double	879ee75ee2a35c09	-5.7126247180167325E-272	6.567258882077402E-288
float	5bf07473	1.3536406E17	8.589935E9
double	fd5b409eb341f9eb	-6.962109633069447E295	9.076030935533344E279
float	f67456cb	-1.2389461E33	7.7371252E25
double	397e4f2217732e2c	9.339716822001631E-32	1.0947644252537633E-47
float	5a2fd073	1.2371828E16	1.0737418E9
double	64d89481b0bdc972	6.225312737676496E177	8.997827589086393E161
float	f6379615	-9.308929E32	7.7371252E25
double	57bf7adeb98bce82	4.845209448442288E114	5.46812681195753E98
float	66a0e62f	3.799124E23	3.6028797E16
double	3df451a14de99ed3	2.9567843825484597E-10	5.169878828456423E-26
float	86826da2	-4.9061656E-35	5.74E-42
double	b49181ae0888429b	-1.784931966462693E-55	3.622271631530685E-71
float	f2666d56	-4.5640788E30	3.0223145E23
double	cf8c790ee2d37a10	-1.609831374354694E75	2.008672555323738E59
float	80d9044	4.2600228E-34	4.5918E-41
double	c002ceb33f381e5d	-2.3509278239251175	4.440892098500626E-16
float	fdaa97c8	-2.8344607E37	2.5353012E30
double	28943f8adfc1e8a3	3.2888823293229595E-113	5.770611636116085E-129
float	69cc26de	3.0850552E25	2.305843E18
double	60d7fa58e0f19a7b	3.2920712011405495E158	4.877732109868738E142
float	df0e62ab	-1.0259951E19	1.0995116E12
double	67e3ee3753fb0d64	2.841620860530907E192	5.065326622169181E176
float	3bda1af4	0.006656045	4.656613E-10
double	4e910cc328bbae30	2.9418439977239285E70	6.129982163463556E54
float	609e49e1	9.124716E19	8.796093E12
double	13a2cc9cd678cc38	4.362686784821316E-214	8.244670425084331E-230
float	cdd533ca	-4.4711763E8	32.0
double	987847ac0f625a19	-8.514730150317396E-191	1.245899368887196E-206
float	f359f2d2	-1.726766E31	1.2089258E24
double	4b8a5195c3ede343	8.066655469315198E55	1.0889035741470031E40
float	26f93978	1.7293423E-15	1.0587912E-22
double	188964391da3a344	1.7809062224836613E-190	2.491798737774392E-206
float	5e6a7bce	4.2240812E18	2.748779E11
double	babeeb43a2d94	1.6231372943792887E-308	4.9E-324
float	a15f767a	-7.571214E-19	5.169879E-26
double	9bef8d5f7f6f84cb	-3.98660029291664E-174	4.4888255467692094E-190
float	bcea7372	-0.028619502	1.8626451E-9
double	30bdece6318d2b79	6.616081671947388E-74	7.854549544476363E-90
float	cc3aeba3	-4.9000076E7	4.0
double	6116d9ed5aa4ab96	5.019820788725805E159	7.804371375789981E143
float	c5891fd6	-4387.9795	4.8828125E-4
double	8ac08dcce7f9cb0c	-6.890555595513065E-257	1.4788152327084684E-272
float	9bdab86	4.5661395E-33	3.67342E-40
double	4c12b163c998f312	2.9334354087853936E58	5.575186299632656E42
float	2e8e3f69	6.468676E-11	6.938894E-18
double	6e19ff79f6bd5791	2.3493947894144912E222	3.210532166472396E206
float	709fe9a5	3.959246E29	3.7778932E22
double	b563ed1374daa30e	-1.6643037013077062E-51	2.967364920549937E-67
float	fdcddc8	2.1779102E-29	1.5046328E-36
double	a4c83d50544d00b5	-1.7074802370613068E-131	2.5026038689788762E-147
float	42aea70a	87.32625	7.6293945E-6
double	3381bb39a3172def	1.379280636026872E-60	2.7635739376302223E-76
float	2ecbc4f7	9.266359E-11	6.938894E-18
double	d3174efaee7ca2e1	-1.8992114594645718E92	2.894802230932905E76
float	e43c5922	-1.3897642E22	1.1258999E15
double	e1a8dc22b457f3fe	-2.7960641875666203E162	3.99583814440447E146
float	3cbc8fc1	0.023017766	1.8626451E-9
double	b0520b3d6d80f00c	-6.23320856611498E-76	1.2272733663244316E-91
float	1000c0de	2.5392128E-29	3.0092655E-36
double	8bcad16fa29d2b83	-7.315799598291367E-252	9.691563509078218E-268
float	95a2fc2b	-6.582913E-26	6.162976E-33
double	57609b61705cdcd8	7.987638738765152E112	1.708789628736728E97
float	66e33794	5.365012E23	3.6028797E16
double	2486960a231bcede	9.943814571483157E-133	1.5641274181117976E-148
float	cf2be53c	-2.883927E9	256.0
double	5860022349b3d7e4	5.046089146806023E117	1.1198723710889021E102
float	12ea4c13	1.478623E-27	9.62965E-35
double	bdbe8177b4cc28eb	-2.774480237555432E-11	3.2311742677852644E-27
float	766cd18d	1.20081275E33	7.7371252E25
double	c759923547d0e18c	-5.310914983362979E35	7.378697629483821E19
float	178075e3	8.301565E-25	9.8607613E-32
double	4902a38ec89b9547	5.195766286624547E43	9.903520314283042E27
float	c5cc585a	-6539.044	4.8828125E-4
double	a8d19fb028bea896	-4.580160816408931E-112	9.232978617785736E-128
float	442d35af	692.8388	6.1035156E-5
double	c0873dae4f831d5a	-743.7101125949223	1.1368683772161603E-13
float	bfea510d	-1.8305985	1.1920929E-7
double	c4b41d04fa926c7f	-9.49826439956455E22	1.6777216E7
float	a4e70142	-1.0018241E-16	6.617445E-24
double	fd0695083d1d142e	-1.8028151657171294E294	2.83625966735417E278
float	1fe9e174	9.905232E-20	6.4623485E-27
double	b2c0f5349ee2064	7.475138657942089E-255	9.464417489334198E-271
float	1f0126a9	2.734879E-20	3.2311743E-27
double	96323da91fba8277	-9.308683591645455E-202	1.8130221999122236E-217
float	35ab9d2c	1.2786236E-6	1.1368684E-13
double	7de92727ba0531b2	3.2899905208250587E298	4.646927838993072E282
float	9c93354d	-9.741422E-22	1.009742E-28
double	867fc03e0a6c6962	-2.2389308730557121E-277	2.505210450011216E-293
float	8d6b14df	-7.244009E-31	4.7019774E-38
double	4aac22181328fc2d	5.262936117560062E51	6.64613997892458E35
float	a2a0c527	-4.357683E-18	4.135903E-25
double	8c02cc0d7806dfa	1.5675927136301586E-266	3.443135024766597E-282
float	8738fe69	-1.3917386E-34	1.148E-41
double	4e1f36b4362868ed	2.1037983629129065E68	2.3945242826029513E52
float	90b97361	-7.3147403E-29	6.018531E-36
double	64625a9d4c41b048	3.6315943656498494E175	7.029552803973744E159
float	589c96ff	1.3773787E15	1.3421773E8
double	4d397fbfdc6b0858	1.0489688945945878E64	1.461501637330903E48
float	c873f0f7	-249795.86	0.015625
double	36c852e12a283882	8.521207763938532E-45	1.2446030555722283E-60
float	1b1696ee	1.2456477E-22	1.2621775E-29
double	4bba74bd57a0374d	6.486995790320223E56	8.711228593176025E40
float	782bdb3b	1.3942645E34	1.2379401E27
double	ff253b9fe92fd1d5	-2.9121592999713496E304	4.8726570057E288
float	770c1290	2.841008E33	3.0948501E26
double	eff9cd2033b31dfa	-2.5035589084837844E231	3.447282664438742E215
float	ce6a174b	-9.8184877E8	64.0
double	9c79238f691c2db9	-1.6262558502897615E-171	2.2982786799458352E-187
float	da15867c	-1.052191E16	1.0737418E9
double	85bf00d037e4a30f	-5.337406257865563E-281	6.116236450222695E-297
float	317160d4	3.5125156E-9	2.220446E-16
double	2609d37c207713cd	1.9076155762506712E-125	2.624170354518394E-141
float	2c2f1d30	2.4885198E-12	2.1684043E-19
double	52c5c3bc3ce4584a	5.541906867744915E90	9.046256971665328E74
float	476cf9b9	60665.723	0.00390625
double	2b8d5f398d3701ab	6.7143587118830535E-99	8.121413879410078E-115
float	82ab8a95	-2.5205734E-37	2.2E-44
double	a97abaebcf3fd9b	1.2316112003530343E-257	1.8485190408855855E-273
float	4413bb7c	590.92944	6.1035156E-5
double	17ee220c38d3433a	2.0639309032956291E-193	2.4333972048578046E-209
float	63a6b630	6.150575E21	5.6294995E14
double	b6e176a456e90e48	-2.447149883081441E-44	4.9784122222889134E-60
float	2a258473	1.4700896E-13	1.3552527E-20
double	f4e532c37c5e0762	-1.2433324943970149E255	2.0837545102749545E239
float	787c66e8	2.0477281E34	1.2379401E27
double	a4f8754e2f42efd4	-1.3783097018603748E-130	2.002083095183101E-146
float	a0f0ea35	-4.0812567E-19	2.5849394E-26
double	6fbcb9fce396962f	1.7421263403543188E230	2.154551665274214E214
float	2bd04b9c	1.4800275E-12	1.0842022E-19
double	854408e5fe05ca8	1.5334001220259261E-268	2.689949238098904E-284
float	8fd98fc3	-2.1453227E-29	1.5046328E-36
double	8f17014dba8464c7	-5.652588726969513E-236	8.729384361624432E-252
float	9a1ea202	-3.2804503E-23	3.1554436E-30
double	b8b56a0d474c949f	-1.6110302507864844E-35	2.6727647100921956E-51
float	c1804953	-16.035803	1.9073486E-6
double	ba111c3a8d57a0bf	-5.399048738301374E-29	1.1210387714598537E-44
float	ba417188	-7.379283E-4	5.820766E-11
double	cf5417348d854c05	-1.419883931305555E74	2.5108406941546723E58
float	dd32a8cb	-8.046102E17	6.871948E10
double	20bbc44a5d8abfb5	5.301605248955779E-151	6.783321379043816E-167
float	eaaf6232	-1.0601287E26	9.223372E18
double	a0c3bb384a594db2	-7.534743801323114E-151	1.3566642758087631E-166
float	9fba7551	-7.896815E-20	6.4623485E-27
double	4394f79add69f939	3.7771161894062035E17	64.0
float	8503b79e	-6.1933155E-36	7.17E-43
double	f5ab3ff1a190df44	-6.546502001557415E258	8.535058474086213E242
float	1c833d7a	8.684744E-22	1.009742E-28
double	9b72dbf75d6205f	7.360933701139699E-262	1.1282464849155185E-277
float	1e3f76bd	1.013601E-20	8.077936E-28
double	c742ebd46133e9f	1.1275613421737918E-248	1.9848322066592191E-264
float	51ee76f6	1.2802476E11	8192.0
double	ea3518ca2e8667a5	-4.134037325071081E203	6.96173189944793E187
float	b2a48e6	3.2795652E-32	2.938736E-39
double	d40ea19863d69646	-8.178489182101324E96	9.485687950320943E80
float	37e0c7d2	2.679593E-5	1.8189894E-12
double	683f8d84f3c04e5	2.816674488737462E-277	5.010420900022432E-293
float	b3c5d943	-9.213047E-8	7.1054274E-15
double	e38b422ca68b9a21	-3.2919210051114244E171	4.290498537581631E155
float	d885f4a9	-1.1782868E15	1.3421773E8
double	46d31675d0b0bc84	1.5485810563281165E33	2.8823037615171174E17
float	5feb41d4	3.3904127E19	2.1990233E12
double	ea462f95618530d2	-8.694880285668987E203	1.392346379889586E188
float	f066d458	-2.8575304E29	1.8889466E22
double	31e114b11840e231	1.9798846718526896E-68	4.118046071574423E-84
float	e5523372	-6.2040372E22	4.5035996E15
double	526c9cf5c4ac2da6	1.1383977593136207E89	1.4134776518227075E73
float	d4cd6511	-7.0573113E12	524288.0
double	4dcb05bb7dceaac4	5.6915800857343006E66	7.482888383134223E50
float	d302e898	-5.62248E11	65536.0
double	84102a466a8bbdc1	-4.14689997340078E-289	9.113902524445497E-305
float	326fffdc	1.3969807E-8	8.881784E-16
double	65c9561fde18e17	5.0389473880039186E-278	6.26302612502804E-294
float	8bf434e9	-9.406499E-32	5.877472E-39
double	885caddd91f4d71d	-2.17145251005431E-268	2.689949238098904E-284
float	60847ef1	7.637867E19	8.796093E12
double	c2c2c2d00ac44101	-4.125584664384201E13	0.0078125
float	ba0f33a2	-5.462711E-4	5.820766E-11
double	210b309a9fe5426b	1.6612658030144533E-149	2.170662841294021E-165
float	23c7486b	2.1606293E-17	1.6543612E-24
double	e865974c79774ead	-7.880616320092681E194	1.2967236152753103E179
float	2072c56f	2.0563523E-19	1.2924697E-26
double	5248fc2cc14d102	6.913696139582116E-284	1.1945774316841202E-299
float	43866242	268.76764	3.0517578E-5
double	540299f31587de03	4.966534423196141E96	9.485687950320943E80
float	67064a73	6.3417045E23	7.2057594E16
double	80f25eebe7bb8652	-4.185739079494507E-304	8.095E-320
float	c4054d92	-533.21204	6.1035156E-5
double	750680a301f98ae8	5.279306315535592E255	8.335018041099818E239
float	50c05f56	2.5819787E10	2048.0
double	c8699190adac00a7	-6.960438756515369E40	9.671406556917033E24
float	f8803692	-2.0803775E34	2.4758801E27
double	734d5c9228b8bc74	2.5661748978053967E247	3.105036184601418E231
float	6a2aecac	5.165876E25	4.611686E18
double	b451f7199b2bcf0e	-1.1448107885439486E-56	2.263919769706678E-72
float	8fba5bd5	-1.8376388E-29	1.5046328E-36
double	df6d4d3d1b2f5878	-4.7957977139194695E151	5.814709794364855E135
float	8c581e29	-1.6649111E-31	1.1754944E-38
double	5f0afd839388b2c4	6.902324870095299E149	9.085484053695086E133
float	b8b03a9d	-8.4032516E-5	7.275958E-12
double	aa102eba8e1871e2	-4.409893140847536E-106	9.681479787123296E-122
float	f02deb51	-2.1530155E29	1.8889466E22
double	fdd24dea5d3e9879	-1.197099393616824E298	2.323463919496536E282
float	87ef5f6e	-3.6016812E-34	2.2959E-41
double	ca37d099a98e62e5	-3.4805434523385373E49	5.192296858534828E33
float	53994d9d	1.3168643E12	131072.0
double	5915fb9fa54a7242	1.4191338277387317E121	2.2934986159900715E105
float	8246812a	-1.4583811E-37	1.1E-44
double	1d1098c63618fcf5	1.0994263188436488E-168	2.3534373682645353E-184
float	21c4205d	1.3290043E-18	1.0339758E-25
double	de89f99f6f95951c	-2.5948062905978766E147	3.549017208474643E131
float	a02d1a4b	-1.466237E-19	1.2924697E-26
double	e7561a33c9cbe7eb	-6.154826161087754E189	9.893216058924181E173
float	b00d84b7	-5.14841E-10	5.551115E-17
double	b098ab6e07b2e545	-1.3635279073406822E-74	1.9636373861190906E-90
float	5a7bd727	1.7721695E16	1.0737418E9
double	acb9a940b2be3ef2	-3.07551151618845E-93	4.257959840008151E-109
float	f1c908c	7.7192325E-30	7.523164E-37
double	89b77dd5ffb182d9	-7.460284528143122E-262	1.1282464849155185E-277
float	98da3942	-5.6409495E-24	3.9443045E-31
double	147d680834c7c512	5.5904211918955365E-210	6.754034012229084E-226
float	c187993a	-16.949818	1.9073486E-6
double	be12d0f92c59dc78	-1.0952529312346233E-9	2.0679515313825692E-25
float	50a8f08	6.5149995E-36	7.17E-43
double	db0f331c229afc70	-4.325315931984795E130	4.92525077454931E114
float	c192a365	-18.329782	1.9073486E-6
double	9f0df0a5d3bb9fda	-4.259165718697673E-159	5.053968264940244E-175
float	19e2497	5.809254E-38	5.6E-45
double	e0da536574b8d292	-3.614421252755665E158	4.877732109868738E142
float	c677f754	-15869.832	9.765625E-4
double	85b3b1085832009d	-3.390030447544927E-281	6.116236450222695E-297
float	e3a82d5d	-6.2046435E21	5.6294995E14
double	ab60741604f6c159	-9.40304922682242E-100	2.0303534698525194E-115
float	4ef49d87	2.0519822E9	128.0
double	57a754f83fb4cbb9	1.7955550384542235E114	2.734063405978765E98
float	b2cfa7b1	-2.4174229E-8	1.7763568E-15
double	553123f41c9d0766	2.3993886519840914E102	4.9732323640978664E86
float	8ed2989	1.42736835E-33	9.1835E-41
double	1041f89cc68fca54	2.315096010206284E-230	4.5767114681873503E-246
float	7aae32b3	4.5224398E35	3.9614081E28
double	a251af669d6b4424	-2.266058171481917E-143	4.552209918945439E-159
float	2dfec935	2.896581E-11	1.7347235E-18
double	edf2a624400ea0f1	-4.213200789413896E221	8.02633041618099E205
float	c50bcc18	-2236.7559	2.4414062E-4
double	50277508882722af	1.3580768651058133E78	2.0568806966515076E62
float	5bd9cdf	1.78311E-35	1.435E-42
double	9eb3cbaddb74b02b	-8.800178223065318E-161	1.5793650827938261E-176
float	418b7ead	17.436853	1.9073486E-6
double	afe88aebac52451	1.016778145754849E-255	1.1830521861667747E-271
float	f17ff924	-1.2675179E30	7.5557864E22
double	95d2d0cd25411284	-1.500312440412742E-203	2.8328471873628494E-219
float	8e2283b2	-2.003145E-30	1.880791E-37
double	cf4a9928ddf6d64c	-9.399018529744597E73	1.2554203470773362E58
float	6489ed4b	2.0354422E22	2.2517998E15
double	6f6257228bfcb6e8	3.4758004919974236E228	6.732973953981918E212
float	771f0862	3.2255673E33	3.0948501E26
double	a00d2b1f2ded2025	-2.719352471922393E-154	3.312168642111238E-170
float	13c5183	3.4588628E-38	2.8E-45
double	b4df14ff192959ee	-5.070490690203408E-54	5.795634610449096E-70
float	b1d3fe3f	-6.1698127E-9	4.440892E-16
double	80ca67db9117aeb6	-7.520591308486842E-305	1.012E-320
float	a5e5465c	-3.9772845E-16	2.646978E-23
double	72a5820f9134d013	1.835724647277102E244	3.032261899024822E228
float	f0ffe7f9	-6.3359292E29	3.7778932E22
double	a9cc88e6e9541da7	-2.4299983860841304E-107	3.02546243347603E-123
float	db4f834c	-5.8409683E16	4.2949673E9
double	8c8c8d877325414b	-3.1903844511381326E-248	3.9696644133184383E-264
float	fea2c612	-1.0818169E38	1.0141205E31
double	141061b51ece3421	4.866102271874071E-212	1.0553178144107943E-227
float	d3ba427	5.7821415E-31	4.7019774E-38
double	41c19a339e94b2c7	5.906368611617059E8	1.1920928955078125E-7
float	8a35ed83	-8.759504E-33	7.34684E-40
double	d5263edfe30da2dc	-1.55701481315091E102	2.4866161820489332E86
float	c7e5cb	1.8357698E-38	1.4E-45
double	463bd891d73015c4	2.2061854604461977E30	2.81474976710656E14
float	d2840012	-2.8346843E11	32768.0
double	f697569f6be200d1	-1.8372436281607415E263	2.7967679607885704E247
float	4e440072	8.220909E8	64.0
double	59aa17b1dc171ab9	8.624320495722344E123	1.1742712913869166E108
float	6f414119	5.9809305E28	4.7223665E21
double	4e86e87a4ab1993f	1.97632507603724E70	3.064991081731778E54
float	7ab81a6c	4.7795926E35	3.9614081E28
double	5cf51d895704ce40	6.286325187521685E139	1.0576895500643978E124
float	b3b86af0	-8.5876195E-8	7.1054274E-15
double	b0effa69d616c8ba	-5.655939694609583E-73	6.28363963558109E-89
float	62eb825	3.286105E-35	2.87E-42
double	8a71d40f62b79989	-2.319076730807531E-258	4.621297602213964E-274
float	3c6c837	1.1683361E-36	9.0E-44
double	a825efe72b877883	-2.783756874646434E-115	4.5082903407156913E-131
float	1c4d26c9	6.787894E-22	5.04871E-29
double	747ec2b9eb33248	1.3819147431803598E-273	2.0522684006491881E-289
float	d6d5f9ab	-1.1763415E14	8388608.0
double	8bf31394aca58e5c	-4.16314975680259E-251	7.753250807262575E-267
float	6f8eb4ed	8.833119E28	9.444733E21
double	9f92506bb3356649	-1.333917201846974E-156	2.587631751649405E-172
float	370a4c58	8.243216E-6	9.094947E-13
double	7088268902a2348d	1.1998122185940555E234	1.765008724192636E218
float	70d330f4	5.2288414E29	3.7778932E22
double	4e8bb0ecd06c0d3a	2.3889630177183354E70	3.064991081731778E54
float	7f432541	2.593929E38	2.028241E31
double	d202305e6a8280de	-1.1307228553977815E87	2.2085588309729804E71
float	1762732	4.5211185E-38	2.8E-45
double	fbc0e704c09ed74c	-1.2868699536391968E288	2.704867999414606E272
float	80ce9ed2	-1.8975086E-38	1.4E-45
double	14f6b19a5ab58aac	1.1044587165327095E-207	1.7290327071306454E-223
float	f43b4a02	-5.9354283E31	4.8357033E24
double	74e0ba8f51cab9b2	9.811825586743566E254	2.0837545102749545E239
float	aa5a51b7	-1.939064E-13	1.3552527E-20
double	1a240e0858533f68	9.439550129217736E-183	1.6722178260867333E-198
float	86a5dc3c	-6.2389707E-35	5.74E-42
double	981203e98c997231	-9.871516112804659E-193	1.9467177638862437E-208
float	5d7f35f4	1.14936706E18	6.871948E10
double	402e1719f3ca8a1b	15.04511987540632	1.7763568394002505E-15
float	87e8f2d8	-3.505021E-34	2.2959E-41
double	aa110cfff7d09136	-4.646498542456732E-106	9.681479787123296E-122
float	ca5ce24c	-3618963.0	0.25
double	f5021e6d7f6c7dc6	-4.250863550904194E255	8.335018041099818E239
float	7d407ca1	1.599118E37	1.2676506E30
double	efc0fbc0d6be2f	3.6175176969165064E-304	4.0474E-320
float	5fedff5e	3.4299059E19	2.1990233E12
double	a7ff76fe06d273b9	-4.990991683617725E-116	5.635362925894614E-132
float	768e473a	1.4428727E33	1.5474251E26
double	960b7d73ca610c21	-1.7535914775256304E-202	2.2662777498902796E-218
float	9c8ad8fa	-9.188161E-22	1.009742E-28
double	dc90d7c4643d463a	-7.834898345147783E137	1.6526399219756215E122
float	52713ef2	2.5903579E11	16384.0
double	5f2a812a99ee44a3	2.7112426762390994E150	3.6341936214780345E134
float	f5b363a0	-4.5480555E32	3.8685626E25
double	89403c969bac4d08	-4.02838396153905E-264	8.814425663402488E-280
float	1ee9fb12	2.4773675E-20	1.6155871E-27
double	276ad3c1e4939dd1	8.31125679917327E-119	1.1006568214637918E-134
float	585d1d2d	9.724695E14	6.7108864E7
double	e8bcbab3627954a2	-3.3555385301511452E196	4.149515568880993E180
float	f41fdaa6	-5.0659785E31	4.8357033E24
double	c76766edba296bd7	-9.720837457174114E35	1.4757395258967641E20
float	ea9db716	-9.533298E25	9.223372E18
double	9072d43fcec2c264	-1.9404964073260332E-229	3.6613691745498803E-245
float	89295fd	8.822317E-34	9.1835E-41
double	528ded02b0e29915	4.76249817721877E89	5.65391060729083E73
float	ac45c5c8	-2.8105174E-12	2.1684043E-19
double	ec123a98c95b46cb	-3.835458356852842E212	7.475102707912205E196
float	ad61c747	-1.2834018E-11	8.6736174E-19
double	39a9c202a0ee1815	6.349800914463193E-31	8.758115402030107E-47
float	ecd89403	-2.0946155E27	1.4757395E20
double	d34d314c09353485	-1.9029218603009262E93	2.315841784746324E77
float	a5de991c	-3.8614612E-16	2.646978E-23
double	f3751b691f5ca8d1	-1.4757896232792958E248	2.4840289476811343E232
float	a9bb0255	-8.304873E-14	6.7762636E-21
double	cd3ef414bfba9e15	-1.2733507305923726E64	1.461501637330903E48
float	cd1b13db	-1.6261061E8	16.0
double	54e9d06803a13eed	1.129237615712433E101	1.5541351137805833E85
float	a7cbd9ed	-5.6580094E-15	4.2351647E-22
double	cbe8302f2ec80d37	-4.74474741979174E57	6.96898287454082E41
float	f4a97b19	-1.0742125E32	9.671407E24
double	ff243f5e3cc8a8f4	-2.777011774712041E304	4.8726570057E288
float	f5ee7f8b	-6.046648E32	3.8685626E25
double	33bedddb47b0ce48	1.9208349262857763E-59	2.210859150104178E-75
float	f96f6296	-7.7684907E34	4.9517602E27
double	8adc6e99c152d8c3	-2.3669638598598245E-256	2.957630465416937E-272
float	14654e39	1.1576972E-26	7.70372E-34
double	63520ec56ddb757	9.311826458907467E-279	1.56575653125701E-294
float	1371a678	3.0500552E-27	1.92593E-34
double	49f055dd5461eb9c	1.492139139265996E48	3.2451855365842673E32
float	39ac6306	3.2880175E-4	2.910383E-11
double	99485fb86d63d5b5	-7.002254105554179E-187	1.020640762992391E-202
float	a27dd4be	-3.4400518E-18	2.0679515E-25
double	f57c930db188dc9c	-8.580919872091033E257	1.0668823092607767E242
float	ebcf1a07	-5.007411E26	3.689349E19
double	bb9505bedcbad612	-1.112918896315211E-21	1.88079096131566E-37
float	6b53e620	2.5617008E26	1.8446744E19
double	c42278151eb53687	-1.7034712467474347E20	32768.0
float	e8b23a41	-6.7332466E24	5.7646075E17
double	1cd67be23d841a91	9.308817220815523E-170	1.4708983551653345E-185
float	e3a8f2de	-6.233107E21	5.6294995E14
double	dd0b0ecda4f322a	3.911189158726309E-242	8.32498966371959E-258
float	8ac0a14f	-1.8549605E-32	1.469368E-39
double	d357520b1e95975a	-3.0402983145626115E93	4.631683569492648E77
float	5ffcec2a	3.6449976E19	2.1990233E12
double	8ef9883c577504be	-1.5683794989427594E-236	2.182346090406108E-252
float	729f78d8	6.3173386E30	6.044629E23
double	d1c87685c35e898e	-9.504693493439999E85	1.3803492693581128E70
float	789ddd2f	2.5614898E34	2.4758801E27
double	c10b5e14508ec615	-224194.53933481933	2.9103830456733704E-11
float	50de6f3c	2.9854654E10	2048.0
double	59bc3585ada93daa	1.8647774771768168E124	2.3485425827738332E108
float	5709dee9	1.5159048E14	1.6777216E7
double	4e8f07b0de15d87d	2.6770185337639843E70	3.064991081731778E54
float	c4ae61fd	-1395.0621	1.2207031E-4
double	e3b2a78c355331bb	-1.8022737535001243E172	3.432398830065305E156
float	b2ac5043	-2.0059934E-8	1.7763568E-15
double	71c7d84af9d62c8c	1.242172637666429E240	1.8507457879790174E224
float	a64133c9	-6.703051E-16	5.293956E-23
double	3618bfa2a2fc3cfb	4.233415611101701E-48	6.077163357286271E-64
float	ebd183a	4.6615427E-30	3.761582E-37
double	babad25481e9a965	-8.666527014399569E-26	1.1479437019748901E-41
float	8eed7939	-5.8541744E-30	3.761582E-37
double	a06c62ae0e4bd99e	-1.6936679600268497E-152	2.1197879309511924E-168
float	980b49f4	-1.8002666E-24	1.9721523E-31
double	a60045c3d6727e0d	-1.2019505965065366E-125	2.624170354518394E-141
float	527b0e9b	2.6957046E11	16384.0
double	c429674047f88706	-2.343043137799488E20	32768.0
float	8aa4830d	-1.5841921E-32	1.469368E-39
double	7f04bb2b1683bae5	7.108345658012996E303	1.218164251425E288
float	f8f6d664	-4.0051668E34	2.4758801E27
double	13e321b904b54990	7.103744028034514E-213	1.319147268013493E-228
float	599c5a8c	5.5012067E15	5.368709E8
double	a2b4ccd750375a71	-1.7057238858054223E-141	2.913414348125081E-157
float	f18da31e	-1.4027067E30	1.5111573E23
double	88b9c290e6a2e2bb	-1.2482745193394311E-266	1.7215675123832985E-282
float	a2134335	-1.9957794E-18	2.0679515E-25
double	c942462f00ac66e6	-8.150545355103636E44	1.5845632502852868E29
float	ac63f8e7	-3.2396809E-12	2.1684043E-19
double	4e835d2240c14759	1.6705507860705284E70	3.064991081731778E54
float	f0e1ee36	-5.5937685E29	3.7778932E22
double	4b4fdefd1be13e3b	6.1052801811210676E54	6.80564733841877E38
float	cd7ab1e3	-2.6287262E8	16.0
double	e6ce7b4cde676b02	-1.6578516968075618E187	1.9322687615086292E171
float	7260936c	4.4481833E30	3.0223145E23
double	84e9fb743b56a8b6	-5.460227570012017E-285	7.466108948025751E-301
float	45b9f630	5950.7734	4.8828125E-4
double	ddbbecb85967f0c	6.5014886730715864E-242	8.32498966371959E-258
float	276b1aa5	3.2627245E-15	2.1175824E-22
double	e7e553098ad59622	-3.040348314840798E192	5.065326622169181E176
float	abac3338	-1.2235551E-12	1.0842022E-19
double	ecb0cb169f5690b1	-3.618206251630643E215	7.654505172902098E199
float	83fa05aa	-1.469498E-36	9.0E-44
double	b7ad0f80cf1f7437	-1.667994296651199E-40	2.039157646249539E-56
float	22831f76	3.554093E-18	4.135903E-25
double	59bf9b1910ced525	2.0893236598707384E124	2.3485425827738332E108
float	3731bd03	1.059403E-5	9.094947E-13
double	39b72aaf27683cdd	1.1422082281962128E-30	1.7516230804060213E-46
float	a5a02f09	-2.7787448E-16	2.646978E-23
double	bfd90c2ee18f3bce	-0.3913685991982988	5.551115123125783E-17
float	67bf91a8	1.8093178E24	1.4411519E17
double	7cb5cecda212549	4.0464805057652493E-271	5.253807105661922E-287
float	c007aaf	9.89768E-32	1.1754944E-38
double	b4d9dc2f1a7bdde1	-4.218624630880692E-54	5.795634610449096E-70
float	208df41d	2.404787E-19	2.5849394E-26
double	9c341f3038fe4f2e	-8.135607045919187E-173	1.436424174966147E-188
float	994fcdf7	-1.07432434E-23	7.888609E-31
double	20002a59e0afe806	1.507091428469302E-154	3.312168642111238E-170
float	70141db0	1.8335869E29	1.8889466E22
double	6714eb38d9939375	3.6407832336935985E188	6.183260036827614E172
float	ac8eaace	-4.054846E-12	4.3368087E-19
double	e099cb8c331c75dd	-2.2134774653262463E157	3.048582568667961E141
float	4ab442cd	5906790.5	0.5
double	112951625da28232	5.34368769674716E-226	7.498484069478155E-242
float	48f05fb7	492285.72	0.03125
double	fcd6000efec1d86e	-2.1954471736756993E293	3.5453245841927125E277
float	18cd6da7	5.310198E-24	3.9443045E-31
double	abe77eedbf0b95db	-3.437493829705994E-97	5.19770488282245E-113
float	f1c72342	-1.9721645E30	1.5111573E23
double	77e765cd4dbdb7f2	3.862768093271364E269	5.865247522503672E253
float	df71e6a7	-1.7430803E19	1.0995116E12
double	9461b8e7f62767e8	-1.684584750650094E-210	3.377017006114542E-226
float	c83052ad	-180554.7	0.015625
double	4b3cebe37e66be79	2.7701236175129124E54	3.402823669209385E38
float	c8faa45d	-513314.9	0.03125
double	84edeef81873035e	-6.2905877545677184E-285	7.466108948025751E-301
float	31cfc2ac	6.0466245E-9	4.440892E-16
double	45d24bb602ccc50	1.196205031133491E-287	1.4582244039112795E-303
float	f6452ee7	-9.998377E32	7.7371252E25
double	1cab2eaf4f084dff	1.4067588857340778E-170	1.8386229439566682E-186
float	383158c8	4.2282772E-5	3.637979E-12
double	8eb92a36e4627039	-9.661368443662707E-238	1.3639663065038175E-253
float	1b90c313	2.3948865E-22	2.524355E-29
double	623a3b40e0447b0e	1.5105673127158237E165	2.0458691299350887E149
float	f67030e0	-1.21791265E33	7.7371252E25
double	d5216b97f2e64cd9	-1.2192811530878039E102	2.4866161820489332E86
float	3e45df9b	0.1932358	1.4901161E-8
double	51722ea68519a2e4	2.207628093075166E84	4.3135914667441024E68
float	307c35a1	9.1753277E-10	5.551115E-17
double	de3cbf1f842789db	-8.973957773856409E145	1.109067877648326E130
float	76b0d34e	1.7932227E33	1.5474251E26
double	57c2a092637480d6	5.733987328983882E114	1.093625362391506E99
float	e7a59c1e	-1.5641406E24	1.4411519E17
double	172201a843933ac0	3.011074639699239E-197	5.940911144672375E-213
float	a5d3ed0d	-3.6763297E-16	2.646978E-23
double	5c1aacc358060d0c	4.847079523844535E135	6.455624695217272E119
float	2341f1cf	1.0513756E-17	8.271806E-25
double	48defc971d17165d	1.0797282395556494E43	1.2379400392853803E27
float	c6aba6db	-21971.428	0.001953125
double	8f9525a58ffbba66	-1.3301889023884542E-233	2.2347223965758547E-249
float	40cab192	6.334176	4.7683716E-7
double	3aa8470340a2c163	3.9222244387496177E-26	5.739718509874451E-42
float	af11b74	2.3217783E-32	1.469368E-39
double	de2d9933cfcda07f	-4.6199454248259137E145	5.54533938824163E129
float	e3b16f8e	-6.546224E21	5.6294995E14
double	33a0f0e1b5e89b91	5.271187688492983E-60	1.105429575052089E-75
float	f8635a23	-1.8444993E34	1.2379401E27
double	67c5d90426c5864	2.0002034934423792E-277	2.505210450011216E-293
float	3242ed0a	1.1346183E-8	8.881784E-16
double	fc3d0f99602b4265	-2.8320792804344503E290	3.462231039250696E274
float	5bc44edb	1.105116E17	8.589935E9
double	189fefe19c40dea6	4.479993262218419E-190	4.983597475548784E-206
float	87379c90	-1.3813399E-34	1.148E-41
double	ad5e4942e4712558	-3.716941833395963E-90	4.3601508761683463E-106
float	c07304b2	-3.7971616	2.3841858E-7
double	29935b4f269ef7cf	2.0604987789345447E-108	3.7818280418450374E-124
float	552d9bf6	1.1930335E13	1048576.0
double	c4df508660f46710	-5.915151340111124E23	6.7108864E7
float	9c4b9751	-6.736264E-22	5.04871E-29
double	b0216f2ae0016c56	-7.528255205405647E-77	1.5340917079055395E-92
float	b36bbd23	-5.488722E-8	3.5527137E-15
double	6db474ded8fd2c17	2.888475661656111E220	5.016456510113119E204
float	37d94402	2.5900084E-5	1.8189894E-12
double	9fa612b01f9187b3	-3.215389734893204E-156	5.17526350329881E-172
float	a362fa6	8.771943E-33	7.34684E-40
double	9e90b98579f32ea	6.362970212371423E-261	9.025971879324148E-277
float	f0f44553	-6.047852E29	3.7778932E22
double	4dc651e0122eaa1d	4.701103904495936E66	7.482888383134223E50
float	13708c84	3.0361538E-27	1.92593E-34
double	af4013f120ea727e	-4.237409601787293E-81	9.363352709384397E-97
float	66028c8d	1.5412509E23	1.8014399E16
double	7376a263214cff13	1.5825738816932409E248	2.4840289476811343E232
float	ff64babf	-3.0403362E38	2.028241E31
double	cde2251ef4905396	-1.528713528385822E67	2.9931553532536892E51
float	4dee9276	5.00322E8	32.0
double	15c0a87c5ccc9acc	6.641400194550346E-204	1.4164235936814247E-219
float	edf62e82	-9.523692E27	5.902958E20
double	d152ff2e8b64367a	-5.766328142187405E83	1.0783978666860256E68
float	693c6d12	1.423707E25	1.1529215E18
double	cd574360f54cef14	-3.827969868032083E64	5.846006549323612E48
float	c61ab5ff	-9901.499	9.765625E-4
double	fb310ff4decc29ed	-2.5371973467211765E285	5.282945311356653E269
float	84dcaa59	-5.187819E-36	3.59E-43
double	9e7b2da75867c446	-7.551360166677142E-162	9.871031767461413E-178
float	6a082e57	4.1158186E25	4.611686E18
double	7173737cb0555177	3.166512644002372E238	5.78358058743443E222
float	34133027	1.370796E-7	1.4210855E-14
double	83bd97d92b63d66	5.271599591136074E-269	6.72487309524726E-285
float	116d6832	1.8728111E-28	1.2037062E-35
double	8e557bccfd9b485d	-1.2887552584267502E-239	2.131197353912215E-255
float	ae331fcb	-4.0728126E-11	3.469447E-18
double	a480b1eae9b8f687	-7.350182175840382E-133	1.5641274181117976E-148
float	f9ae06c4	-1.1294961E35	9.9035203E27
double	cdcf2dd0ac1123db	-6.5670565823802275E66	7.482888383134223E50
float	d61f87ff	-4.385161E13	4194304.0
double	c1b56149dfe892f8	-3.5869743990849257E8	5.960464477539063E-8
float	f9108d74	-4.6909985E34	4.9517602E27
double	196171bffbd16281	2.00459723990363E-186	4.082563051969564E-202
float	f5831a38	-3.323841E32	3.8685626E25
double	32707ab4ea5824f8	9.78003302662024E-66	2.1084395886461046E-81
float	175bef6b	7.1064904E-25	4.9303807E-32
double	df938366ed1d67c0	-2.5549847142842667E152	4.651767835491884E136
float	bb9a307e	-0.0047054878	4.656613E-10
double	5a74b72cbee04add	5.609112554944764E127	9.619630419041621E111
float	254119a9	1.6748776E-16	1.323489E-23
double	33f98b14952fea02	2.5432998275731784E-58	3.5373746401666845E-74
float	8834c759	-5.440111E-34	4.5918E-41
double	bb11308fec25bdf2	-3.554745833743375E-24	7.346839692639297E-40
float	3b84eb72	0.0040563876	4.656613E-10
double	e30dc225cc2c46f1	-1.4038380354160577E169	1.6759759912428246E153
float	dee7b37b	-8.347912E18	5.497558E11
double	7f3973c1e1b4ed79	6.981690083142562E304	9.7453140114E288
float	9fd93239	-9.198616E-20	6.4623485E-27
double	b4852e50f5d8d4ae	-1.0797810199489736E-55	1.8111358157653425E-71
float	4132dd1d	11.178983	9.536743E-7
double	b5a1389cfe362c90	-2.301403501100172E-50	4.7477838728798994E-66
float	db8e5555	-8.012654E16	8.589935E9
double	6bd56550c3f75027	2.813615610755244E211	4.671939192445128E195
float	6476bb55	1.8205591E22	1.1258999E15
double	c5b4d973cc8283f0	-6.452583943969221E27	1.099511627776E12
float	d52bbb11	-1.1801246E13	1048576.0
double	cea3fe7fb65d47d6	-6.89972283619362E70	1.2259964326927111E55
float	e9ee37d2	-3.5998494E25	2.305843E18
double	850c9555bbfb70ba	-2.4027416306366897E-284	2.9864435792103004E-300
float	d030640b	-1.1837386E10	1024.0
double	b14bea71ce892785	-3.1599564682363843E-71	4.021529366771898E-87
float	c1ff9fb9	-31.95299	1.9073486E-6
double	2f280f56a67a4fd0	1.585277476362052E-81	2.3408381773460992E-97
float	17b712d7	1.1830854E-24	9.8607613E-32
double	4ab5e8c1a1e724ed	8.197206627925953E51	1.329227995784916E36
float	d632e099	-4.9169427E13	4194304.0
double	c8f5aa83e264f96f	-3.019810098108905E43	4.951760157141521E27
float	9836655d	-2.3574124E-24	1.9721523E-31
double	43b45283dadd0e51	1.4643778048836447E18	256.0
float	50b418b2	2.4172138E10	2048.0
double	b8a02548a0f1b2fe	-6.073314558160716E-36	1.3363823550460978E-51
float	5b6bda6d	6.638678E16	4.2949673E9
double	48877c19488bb35f	2.557263996634271E41	3.8685626227668134E25
float	d4c60808	-6.804306E12	524288.0
double	febf807d1cf62d53	-3.375456671653356E302	3.806763285703125E286
float	32d4a982	2.4757131E-8	1.7763568E-15
double	b0469b5fbfd09df5	-3.904745119796148E-76	6.136366831622158E-92
float	d47a43f2	-4.299527E12	262144.0
double	bfe99d4a294c53de	-0.8004504019360146	1.1102230246251565E-16
float	536de3a9	1.02172675E12	65536.0
double	5e4477717340e3af	1.2778300081579953E146	2.218135755296652E130
float	eeec121	5.8857506E-30	3.761582E-37
double	804562a314a84d79	-2.379193700991018E-307	4.0E-323
float	63a95c00	6.248258E21	5.6294995E14
double	eb31bd6a2b755236	-2.2781809465464117E208	4.562440617622195E192
float	1b26685f	1.3764922E-22	1.2621775E-29
double	61e876193dd0c9c7	4.401975276874087E163	6.393341031047152E147
float	3f1aa353	0.60405463	5.9604645E-8
double	4aeeb9f16a75e7d4	9.196870894826668E52	1.0633823966279327E37
float	6d218873	3.1245027E27	2.951479E20
double	40e4f51b0e0c9e72	42920.84546500155	7.275957614183426E-12
float	f738c5bf	-3.7476304E33	3.0948501E26
double	55b8f97c0f1cbeb4	8.949858455985318E104	1.2731474852090538E89
float	cc0b23e2	-3.647476E7	4.0
double	8430f30ece155da6	-1.7392404838623953E-288	3.645561009778199E-304
float	7401c25f	4.112235E31	4.8357033E24
double	f3000181e9331cd5	-8.74311645207949E245	1.9406476153758862E230
float	6b48e38f	2.4285978E26	1.8446744E19
double	f351dc989d00396	2.0754027338429232E-235	3.491753744649773E-251
float	6a8cb46f	8.505084E25	9.223372E18
double	64bf83130c438ba2	1.9952327515200753E177	2.2494568972715982E161
float	ec67ef6c	-1.12157E27	7.378698E19
double	a5c89d4051fcaaf1	-1.1363148059762213E-126	1.6401064715739963E-142
float	a199aa6c	-1.0412794E-18	1.0339758E-25
double	74d1239cce2481a3	5.026256536228422E254	1.0418772551374772E239
float	3bd3a4ae	0.0064588403	4.656613E-10
double	dd755c9484b97892	-1.628068175909115E142	2.7076852481648583E126
float	40d2031c	6.5628796	4.7683716E-7
double	d567d2b8a40495c7	-2.667886496049956E103	3.978585891278293E87
float	867a2549	-4.7047167E-35	2.87E-42
double	31e39cfc6702ccf	1.1831571371363476E-293	1.390671161567E-309
float	5413297d	2.528225E12	262144.0
double	fb21ac589f4d3736	-1.3140193887855355E285	2.6414726556783262E269
float	820b9ea0	-1.025763E-37	1.1E-44
double	83ae6ed8b0c11533	-6.099284354248816E-291	7.120236347223045E-307
float	679e800f	1.4969923E24	1.4411519E17
double	da2a2cb2f53ecdb4	-2.2147685525706894E126	3.0061345059505065E110
float	797cf5aa	8.209009E34	4.9517602E27
double	f4cab19321690386	-3.9141218014128673E254	5.209386275687386E238
float	e50488f7	-3.9117433E22	4.5035996E15
double	a4e70fb3bd99c5ec	-6.497950001272279E-131	1.0010415475915505E-146
float	6a7dd4f8	7.6715987E25	4.611686E18
double	4fe65a278a2d8771	8.08813743842948E76	1.2855504354071922E61
float	9b34abe7	-1.4944796E-22	1.2621775E-29
double	1f3027eadc55b247	1.83862932850948E-158	4.043174611952195E-174
float	5ef8f56d	8.969682E18	5.497558E11
double	98cc25e877a57e25	-3.158795337665363E-189	3.986877980439027E-205
float	b5f5b3db	-1.8306267E-6	1.1368684E-13
double	a4a2d921685a241f	-3.3192579985422595E-132	6.256509672447191E-148
float	27af7477	4.869853E-15	4.2351647E-22
double	61ef3a46a8022fbf	5.619618527932094E163	6.393341031047152E147
float	90e20df9	-8.916281E-29	6.018531E-36
double	2119412055ad8261	3.086023351704363E-149	4.341325682588042E-165
float	efa4332f	-1.0163484E29	9.444733E21
double	e7e7aed871e43472	-3.376632386732489E192	5.065326622169181E176
float	c1644844	-14.267643	9.536743E-7
double	4d2385541f1bba05	4.01519872324071E63	7.307508186654515E47
float	d2391fb6	-1.9877524E11	16384.0
double	74796e6568b04b93	1.1653163075015683E253	1.6279332111523082E237
float	4bb819e5	2.4130506E7	2.0
double	51cec64c40f981e4	1.1956972022508004E86	1.3803492693581128E70
float	9dfffe94	-6.7761166E-21	4.038968E-28
double	edf57e6a0de3bd16	-4.8559045992530555E221	8.02633041618099E205
float	9ddfb024	-5.9209734E-21	4.038968E-28
double	7803f24a77a6decc	1.3171999759014662E270	2.346099009001469E254
float	e1ec5c17	-5.4500842E20	3.5184372E13
double	236f019ce131da31	5.207412056198436E-138	5.966672584960166E-154
float	e89ee279	-6.0024927E24	5.7646075E17
double	73fba6559263edf0	4.9491146220186106E250	6.359114106063704E234
float	9919cdd6	-7.951483E-24	7.888609E-31
double	494e6549ccf84c08	1.3556916197991091E45	1.5845632502852868E29
float	73a29d3b	2.5767246E31	2.4178516E24
double	d1b9919b874a8af6	-4.967167240363011E85	6.901746346790564E69
float	3a1d2aed	5.995471E-4	5.820766E-11
double	a3776aae27b527bc	-7.865531155365444E-138	1.1933345169920331E-153
float	1f5c15cb	4.660484E-20	3.2311743E-27
double	8356f0f8bec47c5e	-1.4368193337363069E-292	2.2250738585072014E-308
float	e498ed8d	-2.256818E22	2.2517998E15
double	aca0f49a7706c537	-1.0160650101577126E-93	2.1289799200040754E-109
float	f2d08458	-8.260208E30	6.044629E23
double	91c9c904af643bf2	-5.572937765259203E-223	7.678447687145631E-239
float	71cc1aea	2.0213593E30	1.5111573E23
double	ff17fef90a0c2a7f	-1.6455620597895013E304	2.43632850285E288
float	e7dffe91	-2.1155673E24	1.4411519E17
double	4e7612f4bcc3827d	9.521842032590903E69	1.532495540865889E54
float	26d2e6bd	1.4634219E-15	1.0587912E-22
double	6c5fb917215f0f7c	1.0679509731325614E214	1.1960164332659527E198
float	7e7af3d5	8.339326E37	5.0706024E30
double	da132d31167144fd	-8.113126268526251E125	1.5030672529752533E110
float	417b5dca	15.710398	9.536743E-7
double	6e76b4bc7d6b1e78	1.313219873413839E224	2.0547405865423334E208
float	1b3d86c4	1.5677259E-22	1.2621775E-29
double	828e1a74652d1f0b	-2.301489206419403E-296	2.716154612436E-312
float	a03cc726	-1.5990112E-19	1.2924697E-26
double	2f014b70a585b3bf	2.8488128132561714E-82	5.852095443365248E-98
float	ca0be14c	-2291795.0	0.25
double	f03782c7b6320938	-3.6501035296207276E232	5.515652263101987E216
float	833ae3e	5.4070674E-34	4.5918E-41
double	fe92108d86e60b26	-4.839109543028622E301	9.516908214257812E285
float	77617776	4.5730068E33	3.0948501E26
double	8aa98fbec4190377	-2.6599907706606657E-257	3.697038081771171E-273
float	377b7c8	7.2797747E-37	4.5E-44
double	6aae31e3a0bf1468	7.573565011143021E205	8.91101683129335E189
float	7ae74a9f	6.0046703E35	3.9614081E28
double	365fb1ba85bedb09	8.67443499126082E-47	9.723461371658034E-63
float	27e4121c	6.3302347E-15	4.2351647E-22
double	170a5a1a9ccd1f94	1.1016557900730551E-197	1.4852277861680936E-213
float	512871f0	4.521663E10	4096.0
double	ea2ae221a28b857	3.585874970572208E-238	6.819831532519088E-254
float	98ab8db5	-4.434555E-24	3.9443045E-31
double	34f7cf1b3a5cc908	1.5536103421563499E-53	2.3182538441796384E-69
float	c247c628	-49.943512	3.8146973E-6
double	d70b16ce79217cb7	-2.0358360565808532E111	2.6699837949011376E95
float	9b19c4c5	-1.2719443E-22	1.2621775E-29
double	399d742016c410a6	3.6304382977379654E-31	4.3790577010150533E-47
float	231a5e10	8.368275E-18	8.271806E-25
double	a2e8091ccc377924	-1.5768374401523387E-140	2.3307314785000646E-156
float	e422411b	-1.1972256E22	1.1258999E15
double	70eda45a0a7ea49	1.1138997001685318E-274	1.2826677504057426E-290
float	b2c6de3c	-2.3151294E-8	1.7763568E-15
double	909fdf6768557e41	-1.3138983655366396E-228	1.4645476698199521E-244
float	f34bd5d6	-1.6149496E31	1.2089258E24
double	a777f3a9df78e5a4	-1.4840894219319084E-118	2.2013136429275836E-134
float	6d1549e1	2.8876613E27	2.951479E20
double	f4f3e9cd57ac033d	-2.3359274413109986E255	4.167509020549909E239
float	85637691	-1.0695266E-35	7.17E-43
double	f3e71c798b095a13	-2.0683758874132807E250	3.179557053031852E234
float	8ceb53e6	-3.6257977E-31	2.3509887E-38
double	ab425b963abcf47f	-2.6228361793154307E-100	5.075883674631299E-116
float	cbe04812	-2.9397028E7	2.0
double	1dbb528b5d72df05	1.8533688487889457E-165	2.409919865102884E-181
float	63d0f67c	7.7093677E21	5.6294995E14
double	59acf098f56df41b	9.565424989073925E123	1.1742712913869166E108
float	f3a786a2	-2.654554E31	2.4178516E24
double	9b096f4948035400	-1.961459761686439E-178	2.739761686260504E-194
float	b5bca4e2	-1.4055079E-6	1.1368684E-13
double	8c5572653b5e457c	-2.9954857542551773E-249	4.962080516648048E-265
float	5ae6bc90	3.2473286E16	2.1474836E9
double	1f52591d3ad2637d	8.352441310606323E-158	1.617269844780878E-173
float	5b9f8e1f	8.982157E16	8.589935E9
double	8ee0c720e48d92d1	-5.153112406311716E-237	1.091173045203054E-252
float	4c9daf98	8.267283E7	8.0
double	13c438a266edd203	1.8770706114675756E-213	3.2978681700337323E-229
float	34fc70d7	4.702076E-7	2.842171E-14
double	612ea46142e30613	1.346252024177401E160	1.5608742751579961E144
float	e186f621	-3.111999E20	3.5184372E13
double	eda21b3b0c471f4a	-1.2783160229144175E220	2.5082282550565593E204
float	c1673f8b	-14.453013	9.536743E-7
double	ffefee633b3620c7	-1.7938281872818645E308	1.99584030953472E292
float	75715d8b	3.05967E32	1.9342813E25
double	8e35dfeaec719154	-3.280538550113989E-240	5.327993384780537E-256
float	c58399da	-4211.2314	4.8828125E-4
double	3c3c48696f8f24c8	1.5332168489616726E-18	1.925929944387236E-34
float	5b8fc105	8.09263E16	8.589935E9
double	6717247cb839c1bb	4.027801897564719E188	6.183260036827614E172
float	acc3baa3	-5.562954E-12	4.3368087E-19
double	3bd3f52f8fc80db7	1.6904877718004633E-20	3.009265538105056E-36
float	19f6b4a9	2.5508772E-23	1.5777218E-30
double	6393f85d05b3c39f	4.8234668134606285E171	8.580997075163262E155
float	dc9a3c20	-3.4730604E17	3.435974E10
double	a75ceeb6ae82dde9	-4.4817467506626204E-119	5.503284107318959E-135
float	83ad0ace	-1.0170507E-36	9.0E-44
double	213bafb3366b0501	1.353279538349008E-148	1.7365302730352168E-164
float	6fcdca43	1.2737789E29	9.444733E21
double	2027a2cf2039aae8	8.814257003684773E-154	1.3248674568444952E-169
float	952ec9c8	-3.5298198E-26	3.081488E-33
double	6a551ca03546b86d	1.654789449707248E204	2.784692759779172E188
float	dc36d902	-2.058682E17	1.717987E10
double	f1b3162c1dd134e6	-4.971476382111911E239	9.253728939895087E223
float	70d23694	5.2046266E29	3.7778932E22
double	b72d05a4c859ec3b	-6.506967676395007E-43	7.965459555662261E-59
float	1172875d	1.9132146E-28	1.2037062E-35
double	ae02e1f0425a39ab	-4.746051192631641E-87	8.929588994392773E-103
float	df283529	-1.2120639E19	1.0995116E12
double	3ec2b7a726820ad3	2.231287272337409E-6	4.235164736271502E-22
float	8b225137	-3.1261164E-32	2.938736E-39
double	61189fe0c187eeed	5.409355827729574E159	7.804371375789981E143
float	2597f95b	2.6363294E-16	2.646978E-23
double	42b5f0909df63bc	1.4043278459543035E-288	1.8227805048890994E-304
float	dfcae15b	-2.9238132E19	2.1990233E12
double	7a9277d2a78c7113	2.6818666635982196E282	5.159126280621731E266
float	48e0eb8f	460636.47	0.03125
double	aa3336cd641f1f59	-2.0944062692593018E-105	3.8725919148493183E-121
float	2c4b8a4d	2.8924807E-12	2.1684043E-19
double	5db9acea97f54aca	3.1309497351611567E143	4.332296397063773E127
float	1beb4ac1	3.8925797E-22	2.524355E-29
double	cfe0e5c541d5af9f	-6.114379979277702E76	1.2855504354071922E61
float	85c777b0	-1.8757836E-35	1.435E-42
double	3295d3b94142d6f9	5.1815047346362265E-65	8.433758354584419E-81
float	d7a8981	7.720271E-31	4.7019774E-38
double	c40461309e1cfe2d	-4.69922690927641E19	8192.0
float	3f5edb68	0.8705354	5.9604645E-8
double	c38ed26d7882f1fd	-2.776197413259345E17	32.0
float	6ab535ec	1.0953511E26	9.223372E18
double	de19b165aa96548e	-2.0051738250542515E145	2.772669694120815E129
float	8c0400c0	-1.0169136E-31	1.1754944E-38
double	fd9b828a9c398830	-1.1244630480076015E297	1.452164949685335E281
float	b30a7cdc	-3.2244188E-8	3.5527137E-15
double	e4a0d04e8540d589	-5.322929546573653E176	1.1247284486357991E161
float	4f3a9d3f	3.1308675E9	256.0
double	c7aacfe47da4df1d	-1.781968384202987E37	2.3611832414348226E21
float	a85996b4	-1.2078598E-14	8.4703295E-22
double	c93fdae02bd966cf	-7.103898610233808E44	7.922816251426434E28
float	64f0b9f3	3.552494E22	2.2517998E15
double	882f12ca36564c04	-2.940916116180125E-269	3.36243654762363E-285
float	6ad3b89c	1.2797757E26	9.223372E18
double	1daac5e06046b062	9.080477887086065E-166	1.204959932551442E-181
float	ca5b7954	-3595861.0	0.25
double	80d833aeeade356d	-1.3785852882562928E-304	2.0237E-320
float	404d0f0c	3.2040434	2.3841858E-7
double	15440388494d6b90	3.1168973361303704E-206	5.5329046628180653E-222
float	11f79d15	3.9066538E-28	2.4074124E-35
double	bb7174b761810ef9	-2.3102721952832075E-22	4.70197740328915E-38
float	5307deeb	5.835605E11	65536.0
double	f011daf2c4402d53	-6.93015619693669E231	1.3789130657754968E216
float	e5185474	-4.495985E22	4.5035996E15
double	c21799de6cfd45bd	-2.5341434687318104E10	3.814697265625E-6
float	fbd0c0b7	-2.167813E36	1.5845633E29
double	62ebeb501d573874	3.2926868289885246E168	4.189939978107062E152
float	c71656f0	-38486.938	0.00390625
double	590722c28bec20c2	7.467795972894869E120	1.1467493079950358E105
float	d18a0d6b	-7.4116325E10	8192.0
double	32a0444c76f541c9	7.723121157412295E-65	1.6867516709168837E-80
float	bef06f	1.7534996E-38	1.4E-45
double	dc6f713d59ab3c83	-1.8282809619949974E137	2.065799902469527E121
float	f25c9728	-4.369244E30	3.0223145E23
double	190df241c40d7d5d	5.3769515329430846E-188	6.379004768702443E-204
float	65d53b2c	1.2586945E23	9.007199E15
double	cc259e3a7764d17f	-6.784944256864848E58	1.1150372599265312E43
float	89d5b7c1	-5.1450686E-33	3.67342E-40
double	eafa7fcb39d556f	6.076761828634064E-238	6.819831532519088E-254
float	2c97a118	4.309563E-12	4.3368087E-19
double	426a729fcd833539	9.087378012416632E11	1.220703125E-4
float	b5a72db9	-1.2455777E-6	1.1368684E-13
double	9549a13ef9f3e47c	-3.991529420093795E-206	5.5329046628180653E-222
float	24ceb167	8.963879E-17	6.617445E-24
double	8140c2ad4a24a3c	9.486908988067502E-270	1.681218273811815E-285
float	6e603c63	1.7349411E28	1.1805916E21
double	2674c044583541dc	1.961921894189224E-123	3.3589380537835444E-139
float	91c7b07f	-3.1505438E-28	2.4074124E-35
double	4cda36708a57aefa	1.6848844850813677E62	2.283596308329536E46
float	23cc9e11	2.2184668E-17	1.6543612E-24
double	779295f82a75f498	9.58865818871054E267	1.8328898507823975E252
float	a761d790	-3.134188E-15	2.1175824E-22
double	91e8fe998861bca6	-2.1608180128083822E-222	3.0713790748582522E-238
float	89cc1fa3	-4.9140965E-33	3.67342E-40
double	1dec47a40051027c	1.5346502831534459E-164	1.9279358920823073E-180
float	18374e6e	2.3691793E-24	1.9721523E-31
double	54379476935c9e58	5.036643401657541E97	7.588550360256754E81
float	f013c2d0	-1.8291924E29	1.8889466E22
double	b6a46e2d2dea219c	-1.7893159844153634E-45	3.111507638930571E-61
float	4eee558a	1.9992916E9	128.0
double	32f1b5ea5db44610	2.690756356925221E-63	5.397605346934028E-79
float	ac5118fb	-2.9714553E-12	2.1684043E-19
double	162aea46a1ce20bc	6.867672322644979E-202	9.065110999561118E-218
float	4c492722	5.2731016E7	4.0
double	6e8ab9e947d79880	3.0914644609969428E224	4.109481173084667E208
float	4c7bba7c	6.5989104E7	4.0
double	4e738e266439b763	8.435346007075003E69	1.532495540865889E54
float	cd569dfe	-2.250424E8	16.0
double	f33d6685367421a6	-1.2847858279464325E247	1.552518092300709E231
float	b0145e9b	-5.397653E-10	5.551115E-17
double	27e53892cc7e287a	1.6830511962188157E-116	2.817681462947307E-132
float	9a96fd4b	-6.244776E-23	6.3108872E-30
double	cd6121b32ffed391	-5.638038481704381E64	1.1692013098647223E49
float	9bd1b6b1	-3.469421E-22	2.524355E-29
double	d027de6f3a6a8ac7	-1.3819140140208027E78	2.0568806966515076E62
float	54c11880	6.634718E12	524288.0
double	14814ecca7a405f0	6.580746432820995E-210	1.3508068024458167E-225
float	7210db31	2.869173E30	3.0223145E23
double	7eb3d70a6ffeb0ac	2.125873399535871E302	3.806763285703125E286
float	cb47e347	-1.3099847E7	1.0
double	843fdb069812f83a	-3.2688089198349765E-288	3.645561009778199E-304
float	31d16384	6.094014E-9	4.440892E-16
double	4c63dcd7f4739ce8	9.974400131618559E59	1.78405961588245E44
float	3e7f0e5	1.3632266E-36	9.0E-44
double	d530a947f6c4c98b	-2.3323097993432834E102	4.9732323640978664E86
float	86df39f8	-8.3968454E-35	5.74E-42
double	90236767c6bec44f	-6.249179107038419E-231	1.1441778670468376E-246
float	5131ef9a	4.7764316E10	4096.0
double	6c74ca2834bf0093	2.799526939785153E214	4.784065733063811E198
float	ad007337	-7.3015404E-12	8.6736174E-19
double	bfcb9cac6c3e1cba	-0.21571879658970322	2.7755575615628914E-17
float	f5fa87e4	-6.351711E32	3.8685626E25
double	d675c7075632ab23	-3.196580128395243E108	5.2148120994162844E92
float	a169f504	-7.9267746E-19	5.169879E-26
double	b146e6f74ae7b793	-2.592438399694273E-71	4.021529366771898E-87
float	6d1288b2	2.834379E27	2.951479E20
double	9169cf735ea4a03d	-8.716200490483495E-225	1.1997574511165048E-240
float	b8d01a24	-9.923082E-5	7.275958E-12
double	b62c923168b872d2	-9.774558472158429E-48	1.2154326714572542E-63
float	3a62c0ec	8.6499634E-4	5.820766E-11
double	6df7de571c9cd8b4	5.392401951297189E221	8.02633041618099E205
float	47a1d1cc	82851.59	0.0078125
double	68867e3605c1b545	3.283936983356308E195	5.186894461101241E179
float	59fda3d9	8.924165E15	5.368709E8
double	a6e900af72f2f1bc	-3.0257864168852063E-121	4.299440708842937E-137
float	265586e4	7.408203E-16	5.293956E-23
double	7d904560f6b14372	6.650744673700664E296	1.452164949685335E281
float	b8eba945	-1.1237202E-4	7.275958E-12
double	da4359ac35e71201	-6.549309808216374E126	1.2024538023802026E111
float	ecdb77f9	-2.1225705E27	1.4757395E20
double	a903fdaa047a907d	-4.156266850236767E-111	7.386382894228589E-127
float	18f5937a	6.347993E-24	3.9443045E-31
double	43596095c9386514	2.857228344030523E16	4.0
float	72dca2bf	8.7402816E30	6.044629E23
double	572947e76f0c92d3	7.599771112698703E111	1.067993517960455E96
float	f30e346a	-1.126662E31	1.2089258E24
double	ee80b2cabd7e8255	-1.9315315437652917E224	4.109481173084667E208
float	a4df0e6e	-9.673528E-17	6.617445E-24
double	46698403ba2fa689	1.6172484721357182E31	2.251799813685248E15
float	fdaa4098	-2.8288019E37	2.5353012E30
double	211fc0a3a4902ba4	3.880074307631016E-149	4.341325682588042E-165
float	7df6a659	4.0981727E37	2.5353012E30
double	4bab0a5c650d77b2	3.3151522617110956E56	4.3556142965880123E40
float	b0cc09a5	-1.4845695E-9	1.110223E-16
double	142826363aa02d7a	1.4346863738981807E-211	2.1106356288215886E-227
float	141f0a98	8.029538E-27	7.70372E-34
double	7c8e0973d701dd18	9.367016147922402E291	1.1079139325602226E276
float	b0e7eb8c	-1.6874409E-9	1.110223E-16
double	5e3fb91efd169d3f	9.903163227601652E145	1.109067877648326E130
float	60b04e9a	1.0163409E20	8.796093E12
double	f27a6cc2d223081d	-2.8192202568270816E243	3.790327373781028E227
float	f7bf9eed	-7.773063E33	6.1897002E26
double	7fcecadd59808bf7	4.324637347064349E307	4.9896007738368E291
float	eb439df7	-2.364865E26	1.8446744E19
double	334ecc4ceb0d08ab	1.4973181832195003E-61	1.727233711018889E-77
float	ed82cfff	-5.060563E27	5.902958E20
double	5654e367df775291	7.665167309346902E107	1.3037030248540711E92
float	dd91bddf	-1.3127244E18	1.3743895E11
double	c27e264265276c7f	-2.071854469750781E12	2.44140625E-4
float	6b241cfd	1.9840073E26	1.8446744E19
double	bd43da02d7f1328e	-1.4105414357413022E-13	2.524354896707238E-29
float	6c7c6dee	1.22067374E27	7.378698E19
double	858bdad9a29a4739	-5.994257779379569E-282	7.645295562778369E-298
float	1dce4827	5.460235E-21	4.038968E-28
double	3b44c28010aaf0b1	3.4344152935855156E-23	5.877471754111438E-39
float	992c555f	-8.909432E-24	7.888609E-31
double	af6b6022b78c44eb	-2.8859825331077705E-80	3.745341083753759E-96
float	1ccec8b5	1.3683818E-21	1.009742E-28
double	a73b336e2c4aa0f4	-1.0533798486198097E-119	1.3758210268297398E-135
float	2a1a81c8	1.3722975E-13	1.3552527E-20
double	fa1367fab0f1b22	2.165444466009385E-233	4.4694447931517093E-249
float	212b4b46	5.8036677E-19	5.169879E-26
double	5ade05de44d9e202	5.202728011900048E129	6.156563468186638E113
float	5d8912df	1.2346503E18	1.3743895E11
double	8a7c200b55c7cca6	-3.6584652215460166E-258	4.621297602213964E-274
float	5ea6edb5	6.0142346E18	5.497558E11
double	e3f469d2c94593d3	-3.155529774192115E173	5.491838128104488E157
float	4610930b	9252.761	9.765625E-4
double	2f3d4c154e315257	3.8607110323275156E-81	4.6816763546921983E-97
float	ae336360	-4.078815E-11	3.469447E-18
double	153a12706714784f	2.0301951729910826E-206	2.7664523314090327E-222
float	cc043e9a	-3.466711E7	4.0
double	18ca5d796fba67f7	2.9587122011042748E-189	3.986877980439027E-205
float	bb588638	-0.0033038985	2.3283064E-10
double	d2ebe37fbc5075fe	-2.8405109861690654E91	3.618502788666131E75
float	b602c00	4.3173933E-32	2.938736E-39
double	f158bd7f879a05c7	-1.0068859377053998E238	1.4458951468586074E222
float	e5ba763c	-1.1006765E23	9.007199E15
double	df61fdef85683427	-2.944731724567696E151	5.814709794364855E135
float	9149756b	-1.5892286E-28	1.2037062E-35
double	2f53de81c3f48833	1.0473234871149794E-80	1.8726705418768793E-96
float	91091c2f	-1.0816079E-28	1.2037062E-35
double	bbeddb4c4d0accf4	-5.0579103707170304E-20	6.018531076210112E-36
float	436e4083	238.252	1.5258789E-5
double	2c92b8920ee03d0d	5.609316043229672E-94	1.0644899600020377E-109
float	92fd9e	1.3498963E-38	1.4E-45
double	69b06869070d2d76	1.2559399255049877E201	2.7194265232218475E185
float	fa755b3e	-3.1849084E35	1.9807041E28
double	9c3037cbf4011204	-6.557202726137902E-173	1.436424174966147E-188
float	2fd9f9e	3.7266625E-37	2.2E-44
double	16194dbba729bc98	3.22824139230373E-202	4.532555499780559E-218
float	53fa2d08	2.1489946E12	131072.0
double	b39057245c5e0257	-2.54216374898524E-60	5.527147875260445E-76
float	6ced8ac3	2.2973656E27	1.4757395E20
double	afede008f235d965	-8.062709827575393E-78	9.588073174409622E-94
float	892081b6	-1.932029E-33	1.83671E-40
double	c9038bc81a60b1f9	-5.448635725649735E43	9.903520314283042E27
float	fca32e3b	-6.7782564E36	6.338253E29
double	1c31e76fb5dfe2e	3.56861398807897E-300	6.63123685E-316
float	153e47ef	3.842694E-26	3.081488E-33
double	9d74c470aeb8f29a	-8.804473202830766E-167	1.5061999156893026E-182
float	eb95b11d	-3.619327E26	3.689349E19
double	9475bb2881b6a973	-4.131278590481703E-210	6.754034012229084E-226
float	3a814f1f	9.865499E-4	1.1641532E-10
double	375e533d2f6cb54	5.485238953757578E-292	8.900295434028806E-308
float	b28c0845	-1.6301906E-8	1.7763568E-15
double	faf801ebcb24e699	-2.2312227897961453E284	3.301840819597908E268
float	acd9710a	-6.180061E-12	4.3368087E-19
double	f5b23b638c995f4	1.0669528326487364E-234	1.3967014978599092E-250
float	2073b451	2.0642562E-19	1.2924697E-26
double	d60d949ae9823fd4	-3.39214050291293E106	4.074071952668972E90
float	d428f196	-2.9024306E12	262144.0
double	40b048d03688ed0f	4168.813332136036	9.094947017729282E-13
float	89ed2ea2	-5.7099528E-33	3.67342E-40
double	4fd5f741bdfb57d3	3.974173912264332E76	6.427752177035961E60
float	3fc54b6b	1.5413641	1.1920929E-7
double	6a2a7407da5b0c62	2.591827191868885E203	3.480865949723965E187
float	c7db956e	-112426.86	0.0078125
double	3c1d633711a350a	1.429911790393857E-290	2.848094538889218E-306
float	eb61aa76	-2.7281329E26	1.8446744E19
double	27d5da5fc7ddf930	8.665891230672578E-117	1.4088407314736535E-132
float	2e40663c	4.3746548E-11	3.469447E-18
double	c65c5e80c772b9ae	-8.990543302779028E30	1.125899906842624E15
float	560d0d73	3.8772226E13	4194304.0
double	3166ed749ec6daa3	1.038123160308286E-70	1.608611746708759E-86
float	2a8f5b6e	2.5465345E-13	2.7105054E-20
double	494dfd997dd3aac2	1.3376264991055996E45	1.5845632502852868E29
float	b22fe07	3.1391174E-32	2.938736E-39
double	b860b0e35f426a4f	-3.924028053301968E-37	8.352389719038111E-53
float	34219c9e	1.505127E-7	1.4210855E-14
double	e4e3f6fe046d55ca	-1.0112830130943585E178	1.7995655178172786E162
float	9c751318	-8.108838E-22	5.04871E-29
double	d30b935f02e6e36c	-1.1234525764424697E92	1.4474011154664524E76
float	2833b2f3	9.9752995E-15	8.4703295E-22
double	f397874c816a27f2	-6.580378609815189E248	9.936115790724537E232
float	6c2a9362	8.2485354E26	7.378698E19
double	1b7736118dfb6365	2.2911854549134558E-176	3.506894958413445E-192
float	498de9ca	1162553.2	0.125
double	976e520c5d88b2d6	-8.112397211194131E-196	9.5054578314758E-212
float	bd0b9e76	-0.034086667	3.7252903E-9
double	d339f8151479d8cd	-8.463989317329626E92	1.157920892373162E77
float	a8b413b	1.340975E-32	1.469368E-39
double	b5ceabfc3d127a30	-1.6395710337821294E-49	1.8991135491519597E-65
float	34ed0a8	6.0777485E-37	4.5E-44
double	15f82d1c38c275d8	7.711008543338499E-203	1.1331388749451398E-218
float	2b95ab5d	1.063465E-12	1.0842022E-19
double	16a685e11cb9cb0b	1.471222873391056E-199	2.3206684158876463E-215
float	2def729a	2.7222048E-11	1.7347235E-18
double	e1ed6db28024b1e3	-5.295852275323848E163	6.393341031047152E147
float	6e5e4664	1.7197692E28	1.1805916E21
double	87205c025b529855	-2.3625533327163516E-274	5.1306710016229703E-290
float	27d27f64	5.8424826E-15	4.2351647E-22
double	3b60bc9ead0049c3	1.10754826665396E-22	2.350988701644575E-38
float	719a74e6	1.5296644E30	1.5111573E23
double	74032cc5879839e6	6.864347569217878E250	1.2718228212127408E235
float	9fb9348b	-7.843747E-20	6.4623485E-27
double	6a1a203bccf5f0c0	1.279877966492676E203	1.7404329748619824E187
float	a8c16ae7	-2.1473666E-14	1.6940659E-21
double	54c9253efc92c253	2.7499748183193624E100	3.885337784451458E84
float	f69f053d	-1.612659E33	1.5474251E26
double	e31117e9ca64948b	-1.6127472811620176E169	3.3519519824856493E153
float	7b94d183	1.5454187E36	1.5845633E29
double	7d3bfc839e0abd25	1.7874032624301785E295	2.269007733883336E279
float	9920be99	-8.310297E-24	7.888609E-31
double	11f7d4f554f5c498	4.1206080052053866E-222	6.142758149716505E-238
float	c3b7d44f	-367.65866	3.0517578E-5
double	5708ef1ea0e75a53	1.8738785364764427E111	2.6699837949011376E95
float	a414fce1	-3.230658E-17	3.3087225E-24
double	911a371ffee099f	5.470215625935885E-265	1.101803207925311E-280
float	34dd12be	4.1178095E-7	2.842171E-14
double	9073820b1938a505	-2.0104610126456044E-229	3.6613691745498803E-245
float	6defd1ea	9.277586E27	5.902958E20
double	eb4b050e20542d	3.1093269974956545E-304	4.0474E-320
float	3331dd39	4.1412225E-8	3.5527137E-15
double	1f33b8e4863a3312	2.2444940728895833E-158	4.043174611952195E-174
float	b4d93b2e	-4.046246E-7	2.842171E-14
double	9c93b0937ab5318f	-5.094982320309674E-171	9.193114719783341E-187
float	e4cda8a7	-3.0349882E22	2.2517998E15
double	ce4fcd6410110fba	-1.7147770598115243E69	1.915619426082361E53
float	2a57d242	1.9168784E-13	1.3552527E-20
double	21d0794a4665bc7d	8.245473916140463E-146	1.778206999588062E-161
float	ce6b0c92	-9.858674E8	64.0
double	2423c63781fd4f7e	1.3602938189995102E-134	2.443949090799684E-150
float	32e68ca2	2.6839476E-8	1.7763568E-15
double	503e2c8794195350	3.4939039889521265E78	4.113761393303015E62
float	6b8cbf33	3.4030506E26	3.689349E19
double	f80319d978a20c2f	-1.2613675524034612E270	2.346099009001469E254
float	fb907812	-1.5002521E36	1.5845633E29
double	cd93257df4358faa	-5.0408921475987E65	9.353610478917779E49
float	18e7280c	5.9752537E-24	3.9443045E-31
double	c6e5e5eff2304f8c	-3.553184884783906E33	5.764607523034235E17
float	4f7ab705	4.2062984E9	256.0
double	2e27dead0e86dbce	2.3998303707554586E-86	3.5718355977571093E-102
float	409e1cd4	4.941019	4.7683716E-7
double	6137be626f1f0000	2.086343987419797E160	3.1217485503159922E144
float	b981a4c4	-2.4727557E-4	2.910383E-11
double	9b4a908bdbf1e029	-3.2777543363576922E-177	4.383618698016806E-193
float	5077de1	6.37079E-36	7.17E-43
double	4dd8bf2237fd065d	1.0424491319982847E67	1.4965776766268446E51
float	f06f8b55	-2.9654144E29	1.8889466E22
double	fa6e11f43232efb4	-5.4583490355314744E281	6.448907850777164E265
float	83cd7e59	-1.2077825E-36	9.0E-44
double	2930f2537016ecb4	2.8186672331203014E-110	5.909106315382871E-126
float	4d62c546	2.377862E8	16.0
double	85b0342c45a8242f	-2.789593658437157E-281	6.116236450222695E-297
float	bfa6c1cc	-1.3027892	1.1920929E-7
double	dee4506a5fc6f591	-1.298751169833001E149	2.2713710134237715E133
float	a87713f2	-1.3715579E-14	8.4703295E-22
double	aedfc5a538181378	-6.541938756688404E-83	7.31511930420656E-99
float	dcccec08	-4.614433E17	3.435974E10
double	6f7c3244da38703f	1.0687344691647047E229	1.3465947907963836E213
float	4ee6ed5	5.6055314E-36	3.59E-43
double	2b08cdc55ddc7d59	2.2148767543837323E-101	3.1724272966445615E-117
float	c39b1944	-310.1974	3.0517578E-5
double	f4270d77fc7ca9eb	-3.301007714335059E251	5.087291284850963E235
float	d9c42b0a	-6.902052E15	5.368709E8
double	77ac15a6f7c15aa	1.2364413989801138E-272	1.6418147205193505E-288
float	abc9c3f9	-1.4336302E-12	1.0842022E-19
double	3f855142405a9cb8	0.010408895100523771	1.734723475976807E-18
float	5b49220c	5.6613905E16	4.2949673E9
double	e1b23284344e309b	-4.093410898060429E162	7.99167628880894E146
float	cab32fc	2.6377407E-31	2.3509887E-38
double	6fba46dd9f893526	1.5935639538434731E230	2.154551665274214E214
float	da270548	-1.1753032E16	1.0737418E9
double	85b9283a1b8fa77d	-4.3309709165596796E-281	6.116236450222695E-297
float	d27e75b6	-2.7322414E11	16384.0
double	578182349d970358	3.3685281763464506E113	6.835158514946912E97
float	3646602d	2.956028E-6	2.2737368E-13
double	69bfa8b8fca25a6b	2.4233453556281725E201	2.7194265232218475E185
float	3eac8598	0.33695674	2.9802322E-8
double	4d3fc818c92f4117	1.3074203511564512E64	1.461501637330903E48
float	2cf7cb9	3.0487504E-37	2.2E-44
double	6f2b6774898c4f97	3.2459560515588078E227	4.208108721238699E211
float	c3262b11	-166.16823	1.5258789E-5
double	e2b3e58ffe528eb3	-2.933183805370913E167	5.237424972633827E151
float	a8f7eaf	1.3818052E-32	1.469368E-39
double	a0a1c2722b142b2e	-1.695447157949234E-151	3.391660689521908E-167
float	8e6611b1	-2.8358207E-30	1.880791E-37
double	e106d7dd379e7804	-2.509025249743592E159	3.9021856878949903E143
float	94fd27ff	-2.5562247E-26	1.540744E-33
double	e5d39c015e55a316	-3.2547797402761256E182	5.896816288783659E166
float	6672da45	2.8670976E23	1.8014399E16
double	7148673ee960083a	4.965868570433945E237	7.229475734293037E221
float	3993e508	2.8208666E-4	2.910383E-11
double	3805f559fae837e3	8.066243791937774E-39	1.305060893599705E-54
float	21b4430c	1.2215022E-18	1.0339758E-25
double	aeff06a662f73e44	-2.555328001140426E-82	2.926047721682624E-98
float	442789b9	670.1519	6.1035156E-5
double	356ccb938b4ef0e3	2.405089002824063E-51	2.967364920549937E-67
float	247d7d51	5.4966777E-17	3.3087225E-24
double	6927f8cddf3064f0	3.583846999610013E198	5.311379928167671E182
float	635aa0bc	4.0329723E21	2.8147498E14
double	ba256bd421aaab0f	-1.3518681325036797E-28	2.2420775429197073E-44
float	287cd16	1.995418E-37	2.2E-44
double	a5a3777bfaeff918	-2.2466994122658127E-127	4.100266178934991E-143
float	4dd6e432	4.506599E8	32.0
double	13798ce0df0ecb3b	7.411723595398911E-215	1.0305838031355413E-230
float	3db6a91	1.289613E-36	9.0E-44
double	677b73d5d98a356c	3.0578690965408662E190	3.9572864235696725E174
float	5a897ba7	1.9349014E16	2.1474836E9
double	44e1cb53f97661e8	6.722477620278739E23	1.34217728E8
float	ff29ea3	2.3924147E-29	1.5046328E-36
double	1cc98f05dd2a5ec8	5.2909168197661736E-170	7.354491775826673E-186
float	23c07d49	2.0869742E-17	1.6543612E-24
double	b7e2fb164e1e1b7b	-1.743112021135597E-39	3.2626522339992623E-55
float	76d30a9d	2.1402146E33	1.5474251E26
double	6a50b0ad67c2d510	1.308209239553845E204	2.784692759779172E188
float	1c7e0087	8.404223E-22	5.04871E-29
double	3f91ebfd61e541c6	0.017501792049474017	3.469446951953614E-18
float	18cb48e8	5.2547887E-24	3.9443045E-31
double	740a34d232be8c02	9.38150793510821E250	1.2718228212127408E235
float	6dff5ea0	9.879134E27	5.902958E20
double	1c5a10961440ac2b	4.215379891880276E-172	5.745696699864588E-188
float	5e556767	3.8443432E18	2.748779E11
double	813f9d4e01313488	-1.1525248466923395E-302	1.295163E-318
float	406919cd	3.6421998	2.3841858E-7
double	c67fbd81631851c6	-4.023555398707288E31	4.503599627370496E15
float	5fc075b6	2.7736381E19	2.1990233E12
double	d29512e3e554da6f	-6.707510658315607E89	1.130782121458166E74
float	3db4de09	0.08831412	7.450581E-9
double	30d2c4f3d621554f	1.6598551827732937E-73	3.141819817790545E-89
float	ce295090	-7.101573E8	64.0
double	634360867ccb5b86	1.4625653317962468E170	2.6815615859885194E154
float	93e36a6	2.2896114E-33	1.83671E-40
double	b813d53534c064c0	-1.4570871897885424E-38	2.61012178719941E-54
float	b04348f9	-7.1044287E-10	5.551115E-17
double	8e17f7d1996b497	6.783320148437644E-266	1.3772540099066388E-281
float	a43a7a2e	-4.043581E-17	3.3087225E-24
double	9e918a3047e436ea	-1.9493371075718776E-161	3.9484127069845653E-177
float	bad8110b	-0.0016484571	1.1641532E-10
double	db7dd56170d4fdbc	-5.293983452381476E132	6.304320991423117E116
float	dd332244	-8.0674714E17	6.871948E10
double	d3c261736c765f6c	-3.067255268708172E95	5.928554968950589E79
float	41b8c971	23.09836	1.9073486E-6
double	4620fd2cc309e2f7	6.730022107464661E29	1.40737488355328E14
float	c98d77f	2.3549005E-31	2.3509887E-38
double	98a105354d55add3	-4.775084846533814E-190	9.967194951097568E-206
float	71aaf1f5	1.6929587E30	1.5111573E23
double	e89ead51376bf1b	1.2437796129250639E-238	1.704957883129772E-254
float	bcc5f972	-0.024166796	1.8626451E-9
double	87407e348f4466d0	-9.527376601644064E-274	2.0522684006491881E-289
float	6227acaf	7.7326236E20	7.0368744E13
double	7dd37d1c1dd10e61	1.2745557129396812E298	2.323463919496536E282
float	fc6de961	-4.9412314E36	3.1691265E29
double	e35f1d93766ceebc	-4.6971538458364077E170	5.363123171977039E154
float	4aa406b3	5374809.5	0.5
double	3a9bb3ad2c43034a	2.237738523644986E-26	2.8698592549372254E-42
float	3902ea58	1.2485066E-4	1.4551915E-11
double	2c9826f02a3f82ed	7.23662882858861E-94	1.0644899600020377E-109
float	16592253	1.7539951E-25	1.2325952E-32
double	6fa5cf950a8f7394	6.613626383614227E229	1.077275832637107E214
float	a30e9395	-7.729087E-18	8.271806E-25
double	7465c0797ce57380	4.9835939985641836E252	8.139666055761541E236
float	a513fe4e	-1.2836379E-16	1.323489E-23
double	a63332b7ba566469	-1.1344370829209904E-124	2.0993362836147152E-140
float	d753aa8b	-2.3272943E14	1.6777216E7
double	289c41ad91bb81aa	4.5896635116085774E-113	5.770611636116085E-129
float	fa607a85	-2.9138987E35	1.9807041E28
double	2316eed4110d041c	1.2035979535032764E-139	1.8645851828000517E-155
float	81be4fe6	-6.9909626E-38	5.6E-45
double	f3a4f2f6800aa6ad	-1.1717939679041872E249	1.9872231581449074E233
float	e681f60c	-3.0686202E23	3.6028797E16
double	dfd92f323a272d07	-5.2760478719589414E153	7.442828536787015E137
float	2ebecf58	8.677031E-11	6.938894E-18
double	96457f6ee6392600	-2.1941516643602665E-201	3.6260443998244473E-217
float	fdf6c3b1	-4.1000772E37	2.5353012E30
double	db8110118c73706c	-6.055605644328005E132	1.2608641982846233E117
float	b291a417	-1.6954841E-8	1.7763568E-15
double	bd510f7218b57952	-2.4244193816567313E-13	5.048709793414476E-29
float	d249894f	-2.1639802E11	16384.0
double	757b9d7264787162	8.292811119275931E257	1.0668823092607767E242
float	e9657452	-1.7337082E25	1.1529215E18
double	bde40dc17df0ef68	-1.4591011642890773E-10	2.5849394142282115E-26
float	834cbb87	-6.0165483E-37	4.5E-44
double	864fa6ce1153d739	-2.7899051528727783E-278	3.13151306251402E-294
float	e536740c	-5.385071E22	4.5035996E15
double	65914a669b2bcf0b	1.7936932671271797E181	3.6855101804897865E165
float	53de9ab2	1.9121562E12	131072.0
double	a7c967d5e482a3de	-5.03734016853482E-117	7.044203657368268E-133
float	3381dc1a	6.047067E-8	7.1054274E-15
double	4011559e1a0b0582	4.333610922739696	8.881784197001252E-16
float	b026af32	-6.0639416E-10	5.551115E-17
double	ea3c65d0f58161a	3.7960052174000786E-238	6.819831532519088E-254
float	1daf7c38	4.6450553E-21	4.038968E-28
double	e1dfda647d4dec4a	-2.8660866461561582E163	3.196670515523576E147
float	674d9262	9.707854E23	7.2057594E16
double	e5a3a3ebc97cc0c8	-4.074889970287692E181	7.371020360979573E165
float	a969f76e	-5.1951004E-14	3.3881318E-21
double	99284385b36f1407	-1.7426524903927482E-187	2.5516019074809773E-203
float	c78326d7	-67149.68	0.0078125
double	e5ac8db497d1f75d	-5.924167291761833E181	7.371020360979573E165
float	f14e8046	-1.02254376E30	7.5557864E22
double	740e5f438f8652e8	1.0872804493352258E251	1.2718228212127408E235
float	90920dba	-5.7607995E-29	6.018531E-36
double	a99c7fe266866d4c	-3.033748308029416E-108	3.7818280418450374E-124
float	1e64fe76	1.2122841E-20	8.077936E-28
double	ec01d4dd4cdd22f1	-1.875922453180215E212	3.7375513539561023E196
float	60f67852	1.4208028E20	8.796093E12
double	27c98975dc85b92c	5.063383254758817E-117	7.044203657368268E-133
float	4e22fa0c	6.83574E8	64.0
double	ef1e64a9a484b8ec	-1.8000035822374688E227	2.1040543606193494E211
float	abfd3c23	-1.7993423E-12	1.0842022E-19
double	8fca74304ec4a5b4	-1.3311973548817611E-232	1.7877779172606837E-248
float	60bb884a	1.0810506E20	8.796093E12
double	f06e68742f2b6e9	2.81344483545877E-236	4.364692180812216E-252
float	a18a9d2d	-9.392848E-19	1.0339758E-25
double	ba693839b054a9e1	-2.546531885710791E-27	3.587324068671532E-43
float	78e954ac	3.7860079E34	2.4758801E27
double	79d71bc1312d059a	8.192683757088578E278	1.2595523146049148E263
float	6d60652a	4.340434E27	2.951479E20
double	99308584218fd6e3	-2.3731950108434826E-187	5.103203814961955E-203
float	9a8dccc8	-5.8647075E-23	6.3108872E-30
double	d69780c27f1dc5f1	-1.3799430164279765E109	2.0859248397665138E93
float	eb93e7e1	-3.5761423E26	3.689349E19
double	5fbe1d1e1b0fd5a7	1.5771845717761292E153	1.8607071341967536E137
float	9989000c	-1.4165487E-23	1.5777218E-30
double	3576a832118f80c0	3.784804213639431E-51	5.934729841099874E-67
float	ba4753e2	-7.603747E-4	5.820766E-11
double	d3e2a2eec71b7f12	-1.2439758851578907E96	2.3714219875802357E80
float	f4ebfc94	-1.495743E32	9.671407E24
double	f8931c43c4894c53	-6.461391738014433E272	1.201202692608752E257
float	1ec87450	2.122393E-20	1.6155871E-27
double	4a190c90ebfa0152	9.152320171572647E48	1.298074214633707E33
float	ee9de879	-2.4435094E28	2.3611832E21
double	2b4e9c65db77a03d	4.373488266588911E-100	5.075883674631299E-116
float	281a37d	1.9048684E-37	2.2E-44
double	501f6c4d8844b1ca	9.096353854293214E77	1.0284403483257538E62
float	79a8db70	1.0959457E35	9.9035203E27
double	8fb49c95d6058dc9	-5.1860459736939135E-233	8.938889586303419E-249
float	a3416f83	-1.04861645E-17	8.271806E-25
double	1b379f5d609b6e80	1.4573664455460764E-177	2.191809349008403E-193
float	29a41e98	7.28837E-14	6.7762636E-21
double	39c880fe49631fd2	2.4162691302939083E-30	3.503246160812043E-46
float	a2c92926	-5.4524727E-18	4.135903E-25
double	316ecfa67761b21	8.97401450818418E-294	1.390671161567E-309
float	caa708be	-5473375.0	0.5
double	dfb7fbaf4e104eee	-1.256099156897461E153	1.8607071341967536E137
float	602292a0	4.6858406E19	4.3980465E12
double	4a61f7f428c124f0	2.100887478964985E50	4.153837486827862E34
float	e762bb8d	-1.0707145E24	7.2057594E16
double	e37883904bc34f2e	-1.4802338395318976E171	2.1452492687908155E155
float	44bef722	1527.7229	1.2207031E-4
double	1c4016b43c0d5e39	1.300987469845834E-172	2.872848349932294E-188
float	8135a253	-3.3360912E-38	2.8E-45
double	261ee2d3d6af92e5	4.562723074507754E-125	5.248340709036788E-141
float	cb56d2f	2.7953178E-31	2.3509887E-38
double	a90b45fbc214bd22	-5.670357713576605E-111	7.386382894228589E-127
float	1f654d6e	4.8556685E-20	3.2311743E-27
double	78c9a8a31886c234	6.9403501064863385E273	9.609621540870016E257
float	9effb527	-2.7074098E-20	1.6155871E-27
double	523508cb18a6eaf6	1.0460870522220816E88	1.7668470647783843E72
float	efb12d7f	-1.096677E29	9.444733E21
double	dc24acaeb20ba948	-7.513528372683191E135	1.2911249390434543E120
float	40135a8e	2.302402	2.3841858E-7
double	970cb41cc6e8e831	-1.1999652890914175E-197	1.4852277861680936E-213
float	79f157ea	1.5664083E35	9.9035203E27
double	9b01ced3451cf8f	5.117054453288533E-262	1.1282464849155185E-277
float	34f349fb	4.5316105E-7	2.842171E-14
double	c4506f8f5e6aa6ff	-1.212746611405575E21	262144.0
float	8949f25a	-2.4308448E-33	1.83671E-40
double	2e498caeb6db9854	1.0274822915138536E-85	1.4287342391028437E-101
float	5b423eb2	5.467508E16	4.2949673E9
double	87c2ac0a09e230ed	-2.761247969370438E-271	5.253807105661922E-287
float	22fb536	1.2908974E-37	1.1E-44
double	6feb81cc6bc08979	1.33453608439238E231	1.723641332219371E215
float	17b1251	4.611456E-38	2.8E-45
double	86f487facf2505f8	-3.7062754047334354E-275	6.413338752028713E-291
float	81c93551	-7.3912244E-38	5.6E-45
double	aa0fd79f91092f52	-4.338660583915247E-106	4.840739893561648E-122
float	1b2d6621	1.4343224E-22	1.2621775E-29
double	c6909cce5c4ab23d	-8.42355031241484E31	1.8014398509481984E16
float	b277e339	-1.4428957E-8	8.881784E-16
double	fefc51022fcd1cc8	-4.8546094038753485E303	6.090821257125E287
float	cefd20e1	-2.1233952E9	128.0
double	9dbe939dd4e56cfd	-2.074110880994864E-165	2.409919865102884E-181
float	d7b2faf0	-3.9358168E14	3.3554432E7
double	4c55a98a17b04d49	5.439049240905951E59	8.92029807941225E43
float	de65252c	-4.127913E18	2.748779E11
double	25d7af588c62beb4	2.1868258974276236E-126	3.2802129431479926E-142
float	ff0d88f8	-1.8813233E38	2.028241E31
double	8444b3b5dd41c23a	-4.248604766257999E-288	7.291122019556398E-304
float	5bc243c6	1.0936133E17	8.589935E9
double	a92fc8cacb43fd63	-2.6432902726115513E-110	2.9545531576914354E-126
float	287241f1	1.3447997E-14	8.4703295E-22
double	7f6064cf420727e2	3.597534088374728E305	7.79625120912E289
float	a54d1271	-1.7787164E-16	1.323489E-23
double	d81154b651fb571	1.250956696613358E-243	2.6015592699123717E-259
float	306ec044	8.685712E-10	5.551115E-17
double	231e68a76635ae02	1.5959576557302024E-139	1.8645851828000517E-155
float	6fcb1d	1.0266603E-38	1.4E-45
double	90c70b02339622ab	-7.59927839669185E-228	1.1716381358559617E-243
float	8e99df86	-3.7932657E-30	3.761582E-37
double	76c67fe5139e9b	2.0270769090509522E-306	3.16E-322
float	9599f890	-6.218837E-26	6.162976E-33
double	801cde005ec5803c	-4.0144773027449694E-308	4.9E-324
float	5cbefa2	1.9178055E-35	1.435E-42
double	bd3c95b34c38a993	-1.0155349313971816E-13	1.262177448353619E-29
float	10d54cdb	8.41321E-29	6.018531E-36
double	ef64f79d957a7fc6	-3.973636757227088E228	6.732973953981918E212
float	afec69e4	-4.300339E-10	2.7755576E-17
double	97098c002893e630	-1.067998595506777E-197	1.4852277861680936E-213
float	7af5db2d	6.3827907E35	3.9614081E28
double	5d827ddbd8de76de	2.8186639361068743E142	5.415370496329717E126
float	7aa8407b	4.3680685E35	3.9614081E28
double	5ab9a088344143ac	1.1102409902946568E129	1.5391408670466593E113
float	8a91e1ee	-1.4047977E-32	1.469368E-39
double	825e12bf2f821790	-2.8739841255717893E-297	3.39519326554E-313
float	ca11dd11	-2389828.2	0.25
double	8429e5dc126f1847	-1.3287354954416282E-288	1.8227805048890994E-304
float	e191ab26	-3.358888E20	3.5184372E13
double	ca1873d97788a3c1	-8.934355727288147E48	1.298074214633707E33
float	7433fd85	5.7041206E31	4.8357033E24
double	ddf66aa8e0edc2a5	-4.373694468622689E144	6.931674235302037E128
float	427b9897	62.899014	3.8146973E-6
double	a415207a3395cc87	-7.266696153075338E-135	1.221974545399842E-150
float	63e1e5ef	8.334172E21	5.6294995E14
double	55a833e8b99c735b	4.336642121834922E104	6.365737426045269E88
float	1b998616	2.5398378E-22	2.524355E-29
double	acb94de91ea5ca	2.045205657120612E-305	2.53E-321
float	a3f06571	-2.6063814E-17	1.6543612E-24
double	11318ca47e7044f8	7.408071439581188E-226	1.499696813895631E-241
float	c6771807	-15814.007	9.765625E-4
double	4d99f63fdf4c93cc	6.835271151893325E65	9.353610478917779E49
float	a435ff88	-3.9464562E-17	3.3087225E-24
double	8decc69e83f656eb	-1.3485956231748747E-241	1.664997932743918E-257
float	c3299d0b	-169.61345	1.5258789E-5
double	6c57e8027b2dab73	8.048020674748237E213	1.1960164332659527E198
float	b9d6bdd6	-4.09587E-4	2.910383E-11
double	35ba6c91c3d2bc13	7.062539982807413E-50	9.495567745759799E-66
float	b6ccb139	-6.100305E-6	4.5474735E-13
double	dfd7508d74f7f75d	-4.88435097811019E153	7.442828536787015E137
float	b08ece9c	-1.0390582E-9	1.110223E-16
double	4dafa1b6322047e4	1.6656026887640584E66	1.8707220957835557E50
float	2ec71e83	9.054892E-11	6.938894E-18
double	1e81427087b1432c	9.590942592192207E-162	1.9742063534922827E-177
float	80d2b25e	-1.934944E-38	1.4E-45
double	fa1d4bd0095fad5d	-1.6618293837612715E280	2.0152837033678636E264
float	cd435910	-2.0483712E8	16.0
double	409478d1adf9c390	1310.2047652268993	2.2737367544323206E-13
float	cbbc6769	-2.4694482E7	2.0
double	d0637bffa1c5894b	-1.8049086707143983E79	3.291009114642412E63
float	49c1bfad	1587189.6	0.125
double	1d020a5caaf0fcf3	5.975310054374034E-169	1.1767186841322676E-184
float	31224c30	2.361741E-9	2.220446E-16
double	84daa7fb8a28e587	-2.80092876183071E-285	3.7330544740128755E-301
float	faa147b1	-4.1870693E35	3.9614081E28
double	aa35c7a44d3efbd3	-2.374085888234379E-105	3.8725919148493183E-121
float	d16969ba	-6.2656324E10	4096.0
double	44b37885dd40152f	9.194821839980503E22	1.6777216E7
float	637fc0de	4.7178173E21	2.8147498E14
double	9bdad198a05b1932	-1.6942629540382947E-174	2.2444127733846047E-190
float	ed5c0d9d	-4.2564475E27	2.951479E20
double	d76d8b32391d8a15	-1.4209990640019157E113	1.708789628736728E97
float	89e53923	-5.5183476E-33	3.67342E-40
double	f2f94f25b8c172a2	-6.912487687233006E245	9.703238076879431E229
float	a5251f33	-1.432204E-16	1.323489E-23
double	11a54e4d86e01ce	2.3998378977521408E-303	3.2379E-319
float	bbcf8951	-0.006333508	4.656613E-10
double	a72db1119692c0d9	-5.749186954416063E-120	6.879105134148699E-136
float	54b5fe0e	6.2532113E12	524288.0
double	90d1a787ef25352c	-1.164438859741918E-227	2.3432762717119234E-243
float	a4da8b24	-9.477814E-17	6.617445E-24
double	61ab39b405f2a0ca	3.0621185489487716E162	3.99583814440447E146
float	ec9107dc	-1.4026509E27	1.4757395E20
double	ae9d08e9b95d9f07	-3.736459731082035E-84	4.5719495651291E-100
float	de2f3624	-3.1563295E18	2.748779E11
double	a37c921f39df82bc	-9.596751030455524E-138	1.1933345169920331E-153
float	77eeb22e	9.6826607E33	6.1897002E26
double	42a359c7f986079e	1.0638164017923809E13	0.001953125
float	b4d5b44e	-3.980553E-7	2.842171E-14
double	46b7a8d15e2f97dc	4.798705484172171E32	7.205759403792794E16
float	12ea80eb	1.4799257E-27	9.62965E-35
double	2252136ca8c6d800	2.3161220665599475E-143	4.552209918945439E-159
float	a5cbb88f	-3.5339948E-16	2.646978E-23
double	1dc2f60ad57f122f	2.572385081669501E-165	4.819839730205768E-181
float	7a2b9c54	2.2276337E35	1.9807041E28
double	7798ef6ddcb7dd34	1.2864420735870765E268	1.8328898507823975E252
float	35add06b	1.2950162E-6	1.1368684E-13
double	3156205299172bf4	5.00920782261008E-71	8.043058733543795E-87
float	ea8971d7	-8.3080215E25	9.223372E18
double	ded9f06b5642a518	-8.291887710548427E148	1.1356855067118858E133
float	7065f67	1.0109076E-34	1.148E-41
double	d926e7def14982e0	-2.95741793696047E121	4.586997231980143E105
float	347e3133	2.3673492E-7	1.4210855E-14
double	e8b5cbe149ef0f3b	-2.545787131036307E196	4.149515568880993E180
float	adab3e15	-1.946802E-11	1.7347235E-18
double	758cc9cd0a10b0ac	1.7290282669749095E258	2.1337646185215534E242
float	fd592b9a	-1.8041804E37	1.2676506E30
double	b2847466df179a10	-2.4278617397994683E-65	4.2168791772922093E-81
float	54d8e7d3	7.4528184E12	524288.0
double	b6ed047526e37df4	-4.066205570982424E-44	4.9784122222889134E-60
float	55cbacc5	2.7992862E13	2097152.0
double	7f7548f50b5d7152	9.341767271983295E305	1.559250241824E290
float	9c628993	-7.495494E-22	5.04871E-29
double	d9381c3dc7c2e55c	-6.2258864922959475E121	9.173994463960286E105
float	a208e645	-1.855334E-18	2.0679515E-25
double	72d20902e884dc75	1.2314519355322224E245	2.4258095192198577E229
float	9fb5714d	-7.684392E-20	6.4623485E-27
double	c557c4ba79a12c66	-1.149372701620472E26	1.7179869184E10
float	81c98375	-7.402437E-38	5.6E-45
double	d1846ea0f6a87472	-4.96161122364578E84	8.627182933488205E68
float	918e20ef	-2.2423947E-28	2.4074124E-35
double	385db3f7c6e7ec94	3.4915708146015538E-37	4.176194859519056E-53
float	86f588cb	-9.2359756E-35	5.74E-42
double	438f06da17f30e51	2.7946425767911683E17	32.0
float	53c0f0dc	1.6573493E12	131072.0
double	65627642eb7fd29c	2.394005772280953E180	4.606887725612233E164
float	bce2cb8c	-0.02768495	1.8626451E-9
double	5b6ddfc9c9f9c3e	3.936731809510606E-281	6.116236450222695E-297
float	f5308d5c	-2.2380648E32	1.9342813E25
double	241766d379146adb	8.049125459051111E-135	1.221974545399842E-150
float	8fdea707	-2.1955227E-29	1.5046328E-36
double	3432a8a0c89cf912	2.9725029400973464E-57	5.659799424266695E-73
float	54c3ff90	6.73445E12	524288.0
double	6c1c8e13f97b594b	6.008125603947837E212	7.475102707912205E196
float	28692ade	1.29433936E-14	8.4703295E-22
double	2cf48b7f7316b28d	3.939722675401752E-92	6.812735744013041E-108
float	d0dc2dc7	-2.95519E10	2048.0
double	5795e091d2ed28a9	8.418032800941777E113	1.3670317029893825E98
float	8694e20f	-5.6003576E-35	5.74E-42
double	d2b2537ddf5804bb	-2.3331878304656796E90	4.523128485832664E74
float	4a27203f	2738191.8	0.25
double	750a41abf7403f8d	6.160041957643456E255	8.335018041099818E239
float	66ae14b5	4.1103687E23	3.6028797E16
double	4c2b2477082b6536	8.518793263957103E58	1.1150372599265312E43
float	902caebb	-3.4055626E-29	3.0092655E-36
double	145853949f27d3a2	1.156171959836242E-210	1.688508503057271E-226
float	4b3816bd	1.2064445E7	1.0
double	e4dd30a6e666c749	-7.392856030563057E177	8.997827589086393E161
float	8404d87e	-1.5615934E-36	1.8E-43
double	3d9b92554711b241	6.2690591524006626E-12	8.077935669463161E-28
float	71c763fe	1.9746688E30	1.5111573E23
double	b9173bc7876e3a1c	-1.1186529754709932E-33	1.7105694144590052E-49
float	e189bb7b	-3.1758917E20	3.5184372E13
double	4e0109c163d0bb15	5.741830749481993E67	1.1972621413014757E52
float	6490067a	2.1254383E22	2.2517998E15
double	9d3543f74ee3868	2.4553604386812887E-261	4.512985939662074E-277
float	1f0d38e2	2.9904964E-20	3.2311743E-27
double	f8c336aa3beec4a3	-5.197007615675522E273	9.609621540870016E257
float	ce149db3	-6.2334074E8	64.0
double	3a3e99e97fa30579	3.862416871032234E-28	4.484155085839415E-44
float	c971a45a	-989765.6	0.0625
double	1764e1ad48e8a3b6	5.5869601213921125E-196	9.5054578314758E-212
float	36ca664e	6.031979E-6	4.5474735E-13
double	1186ed6d24005558	3.097055083519739E-224	4.799029804466019E-240
float	aee3b078	-1.0354112E-10	6.938894E-18
double	a33b0e6922d1062b	-5.6800254966802825E-139	7.458340731200207E-155
float	a3586788	-1.1731307E-17	8.271806E-25
double	25f64c1b9d554e6f	8.234818422934466E-126	1.312085177259197E-141
float	7f0df65e	1.8870036E38	2.028241E31
double	19d6040ee9c30e97	3.2383081312689434E-184	5.225680706521042E-200
float	d4b58025	-6.236312E12	524288.0
double	59ad3bbe9675411a	9.662449139826874E123	1.1742712913869166E108
float	79094783	4.4549694E34	4.9517602E27
double	b7540c7bc989f1aa	-3.596070654181883E-42	6.372367644529809E-58
float	d0a3feda	-2.2011105E10	2048.0
double	b40c4eec91914dcd	-5.63721492100757E-58	7.074749280333369E-74
float	a9f34015	-1.0802484E-13	6.7762636E-21
double	6d785d65a8de8f6c	2.150207092160181E219	3.135285318820699E203
float	97a6d264	-1.0780609E-24	9.8607613E-32
double	2b5845be0d3e2cdf	6.935770706987231E-100	1.0151767349262597E-115
float	48a9d76	3.258825E-36	3.59E-43
double	588bc341a78bf1a3	3.5005020398371007E118	4.4794894843556084E102
float	b0a8bbd4	-1.2276993E-9	1.110223E-16
double	e4e5efede6f2731e	-1.1111920397642252E178	1.7995655178172786E162
float	33e87fb7	1.0826573E-7	7.1054274E-15
double	e1e8a7e87f7e0e00	-4.4369891953255916E163	6.393341031047152E147
float	1ae159ad	9.32027E-23	6.3108872E-30
double	9be18cd19fbb94b2	-2.2174378765204586E-174	4.4888255467692094E-190
float	a7ca4631	-5.6142364E-15	4.2351647E-22
double	7dc9ff23140ef5e8	8.50085807334895E297	1.161731959748268E282
float	3985ece4	2.5544234E-4	2.910383E-11
double	eed942b150249bf8	-9.350159488692923E225	1.3150339753870934E210
float	afa9f67d	-3.091606E-10	2.7755576E-17
double	69e511adb2530ef3	1.2901856248924748E202	2.175541218577478E186
float	3abf70ef	0.00146058	1.1641532E-10
double	c4193a57fb2a9c64	-1.1634317669508586E20	16384.0
float	9d1d627f	-2.0829698E-21	2.019484E-28
double	835d1b5336bfd676	-1.8229626359482022E-292	2.2250738585072014E-308
float	f517965d	-1.921598E32	1.9342813E25
double	92794506642d6983	-1.1185155749606858E-219	1.5725460863274251E-235
float	ac0e5d41	-2.023118E-12	2.1684043E-19
double	b738cb1dca4e5fb6	-1.1117755524556423E-42	1.5930919111324523E-58
float	946073b1	-1.1331926E-26	7.70372E-34
double	a3148201d5b398b8	-1.0763213413165775E-139	1.8645851828000517E-155
float	abc98fd0	-1.4321825E-12	1.0842022E-19
double	4dcbfce659c4ff93	5.8949376428097984E66	7.482888383134223E50
float	1164e26e	1.8055803E-28	1.2037062E-35
double	27b98e7594976048	2.5336274982886477E-117	3.522101828684134E-133
float	7b04b658	6.8908156E35	7.9228163E28
double	3e2a099a7f6dc1c9	3.0311655368260455E-9	4.1359030627651384E-25
float	2a628e9f	2.0122314E-13	1.3552527E-20
double	dbb9356e654610d0	-7.15729328092637E133	1.0086913586276987E118
float	64888b33	2.01503E22	2.2517998E15
double	1aa0e0152e9a2325	2.033408831964288E-180	4.280877634782037E-196
float	5c534d43	2.3790468E17	1.717987E10
double	a377a6ffea28be3d	-7.944675311032528E-138	1.1933345169920331E-153
float	8acc38ac	-1.9665803E-32	1.469368E-39
double	75544a675a5a7133	1.5233231781938454E257	2.667205773151942E241
float	24856a56	5.7859696E-17	6.617445E-24
double	ce83c509d07cc3d8	-1.705566545747513E70	3.064991081731778E54
float	72472397	3.9443547E30	3.0223145E23
double	c6a863cf6857eb55	-2.4734280405852876E32	3.602879701896397E16
float	4e75d979	1.03116755E9	64.0
double	565d6113246c330e	1.0780984116318348E108	1.3037030248540711E92
float	76cf101d	2.0998677E33	1.5474251E26
double	a86ee1dffc25a242	-6.270203366836615E-114	7.213264545145106E-130
float	a5329c6c	-1.5492037E-16	1.323489E-23
double	b9402a27ec7e7ef1	-6.226405049376586E-33	1.3684555315672042E-48
float	50a25743	2.1789022E10	2048.0
double	a0047f83b6abea64	-1.911023006757033E-154	3.312168642111238E-170
float	8eedd8c8	-5.8633764E-30	3.761582E-37
double	2e70d2ccc939e6ad	5.412475767971957E-85	1.142987391282275E-100
float	31ebef19	6.8665824E-9	4.440892E-16
double	964222dba0a55285	-1.8510508007595725E-201	3.6260443998244473E-217
float	df150ac4	-1.0739612E19	1.0995116E12
double	5dc5765cae76cf60	5.234380103839802E143	8.664592794127546E127
float	74eeb893	1.51307405E32	9.671407E24
double	68234f2dda5043cd	4.404875227114122E193	8.10452259547069E177
float	5a1d14ec	1.1053644E16	1.0737418E9
double	e343ca7181e37a1c	-1.4937942948846825E170	2.6815615859885194E154
float	def9ad79	-8.9955846E18	5.497558E11
double	1c3baa5c53250907	1.11856331043924E-172	1.436424174966147E-188
float	9060ad11	-4.4309536E-29	3.0092655E-36
double	cc77041f8e13dcf8	-2.311591071938513E60	3.5681192317649E44
float	539b75f5	1.3353978E12	131072.0
double	7c65e19fe779ca9c	1.705924717259711E291	2.7697848314005566E275
float	7e9f64d5	1.059354E38	1.0141205E31
double	94cdda2f7de5ee7a	-1.8160618037820248E-208	2.161290883913307E-224
float	132b709f	2.163876E-27	1.92593E-34
double	b8ec9b79cd8b61ce	-1.721740884519266E-34	2.1382117680737565E-50
float	df7058a8	-1.7318777E19	1.0995116E12
double	e09d849f08b4f8c5	-2.5329431501418706E157	3.048582568667961E141
float	bdc3a123	-0.09552219	7.450581E-9
double	e64b751439b6910e	-5.8334545537535624E184	7.547924849643083E168
float	d3e3fa0f	-1.9583057E12	131072.0
double	dd157100d509e4d	4.063261836319706E-242	8.32498966371959E-258
float	d1f318ce	-1.3051165E11	8192.0
double	d282d78e52fe8093	-2.998583072490474E89	5.65391060729083E73
float	ff2f828a	-2.332927E38	2.028241E31
double	90d566e466dfabfb	-1.4116143887531972E-227	2.3432762717119234E-243
float	88fd91a3	-1.5261123E-33	9.1835E-41
double	7389cdee8056256b	3.6084488238320456E248	4.968057895362269E232
float	c0cf274	1.0858168E-31	1.1754944E-38
double	6f7ce73f01a8b50f	1.0955298871263009E229	1.3465947907963836E213
float	c852efca	-215999.16	0.015625
double	9b407ea35fb6c6c3	-2.035243926253305E-177	4.383618698016806E-193
float	a7a223b1	-4.500273E-15	4.2351647E-22
double	b61754288767531e	-3.99054349758569E-48	6.077163357286271E-64
float	d9317e7c	-3.122509E15	2.6843546E8
double	b5db93d73feff820	-2.948327093882147E-49	3.7982270983039195E-65
float	3b5fa10	1.0695635E-36	9.0E-44
double	8c087b7ed134d0fb	-1.0685815655158633E-250	1.550650161452515E-266
float	577ed4b1	2.8018946E14	1.6777216E7
double	9c534419735068b6	-3.1158342408751465E-172	5.745696699864588E-188
float	22052b9b	1.8047946E-18	2.0679515E-25
double	5d82bd7781b59173	2.8565378379349247E142	5.415370496329717E126
float	60b5ab3b	1.0472497E20	8.796093E12
double	9fb9e0f84633a720	-7.53956333318836E-156	1.035052700659762E-171
float	76290955	8.5711665E32	7.7371252E25
double	7c95cfe7d08cbb19	1.3604228190133407E292	2.2158278651204453E276
float	49786119	1017361.56	0.0625
double	6377639ad8c9be2e	1.4123122372284876E171	2.1452492687908155E155
float	a6b62d16	-1.2641007E-15	1.0587912E-22
double	1d51b687731028a6	1.8773906362522873E-167	3.7654997892232564E-183
float	815fc425	-4.1099358E-38	2.8E-45
double	40ee6f91ae222a7d	62332.55250652598	7.275957614183426E-12
float	8f9a8b80	-1.5239306E-29	1.5046328E-36
double	2e1cfe4df456188	8.715434402101781E-295	1.73833895195875E-310
float	7f38c36a	2.455926E38	2.028241E31
double	59c842444ab56a13	3.2072921193428504E124	4.6970851655476665E108
double	797899d355d300bc	1.3627829389967591E277	1.9680504915701793E261
float	8e845be	1.3979388E-33	9.1835E-41
double	3a3011c7055e1e42	2.028248864924401E-28	4.484155085839415E-44
float	d184794b	-7.112133E10	8192.0
double	5c95796a90d9800c	9.989337576481815E137	1.6526399219756215E122
float	2c3e4a7e	2.7041975E-12	2.1684043E-19
double	4643080cf23cb56e	3.015653237783991E30	5.62949953421312E14
float	a1ffdd0d	-1.7337984E-18	1.0339758E-25
double	e1ab31fab59b6c3c	-3.058725084109279E162	3.99583814440447E146
float	c7260b7b	-42507.48	0.00390625
double	d40b5fa3f4aca593	-7.308705643682752E96	9.485687950320943E80
float	436233d5	226.20247	1.5258789E-5
double	43821b7b88c3a2d8	1.6309654304773606E17	32.0
float	e832de76	-3.3787397E24	2.8823038E17
double	950dbd7b279fb9a4	-2.8947849317436953E-207	3.458065414261291E-223
float	c2cd5462	-102.66481	7.6293945E-6
double	ae14645edc93f49a	-1.0250914787761667E-86	1.7859177988785547E-102
float	c8d61c3	2.1783328E-31	2.3509887E-38
double	2175c76d0747a308	1.7032571300480462E-147	2.778448436856347E-163
float	ec252bce	-7.987185E26	7.378698E19
double	b70e0bdb7a5e6f9e	-1.6841543551052877E-43	1.9913648889155653E-59
float	e21be2e0	-7.1889835E20	7.0368744E13
double	e1cfb985ca2e35f4	-1.4272668019951403E163	1.598335257761788E147
float	b1368853	-2.6561977E-9	2.220446E-16
double	2b3c98fa6cae3ae4	2.0429164546546784E-100	2.5379418373156492E-116
float	2e3f372c	4.3477374E-11	3.469447E-18
double	4bd16c2e13854247	1.7088014847558106E57	3.48449143727041E41
float	afca0e7	2.4327242E-32	1.469368E-39
double	becc3010f8cc60d4	-3.3602427208617235E-6	4.235164736271502E-22
float	2a5b3e07	1.9472627E-13	1.3552527E-20
double	f78e6bcc177d2c32	-7.847310424815296E267	9.164449253911988E251
float	28dedaf1	2.4741902E-14	1.6940659E-21
double	eda65b7c7fe2b8b0	-1.5784380154465181E220	2.5082282550565593E204
float	a1248f3	7.0433645E-33	7.34684E-40
double	931c7e7e9cd80ee1	-1.2915117785193006E-216	1.6102871923992833E-232
float	c0b9057a	-5.7819185	4.7683716E-7
double	dfe9f5a123205f48	-1.0876870499888582E154	1.488565707357403E138
float	6efc8199	3.9073448E28	2.3611832E21
double	7d3cef6d522a0c6	5.858608662677268E-271	1.0507614211323843E-286
float	498d45a9	1157301.1	0.125
double	73cff1ab74c46d45	7.147201485014152E249	7.94889263257963E233
float	9b9966bd	-2.537812E-22	2.524355E-29
double	dbc6fb96c886146e	-1.3050599124269293E134	2.0173827172553973E118
float	aa6dd275	-2.1122845E-13	1.3552527E-20
double	5e0c9587cb84e5e7	1.1154047886572494E145	1.3863348470604074E129
float	b9987080	-2.9075518E-4	2.910383E-11
double	1da20f6bf8c219e0	6.125421035051296E-166	1.204959932551442E-181
float	b21e6dc9	-9.221773E-9	8.881784E-16
double	76cbe2fb9518c309	1.7562348122772581E264	2.2374143686308563E248
float	8a7f298d	-1.2285618E-32	7.34684E-40
double	ea75fe9524ecc3eb	-6.895891775587322E204	1.1138771039116688E189
float	f23ad78c	-3.7007867E30	3.0223145E23
double	4f9fbef8376f9bca	3.5897780940084935E75	4.017345110647476E59
float	cc45dfa	3.0255142E-31	2.3509887E-38
double	2b223234eef1b9fd	6.49935498686342E-101	1.2689709186578246E-116
float	782c5352	1.3980703E34	1.2379401E27
double	fc1ad6d32f2392b	8.895552279664018E-233	1.7877779172606837E-248
float	15e0ba06	9.076637E-26	6.162976E-33
double	ef14100a43fa9a54	-1.1881880726939615E227	2.1040543606193494E211
float	4098539f	4.7602077	4.7683716E-7
double	e4bd0555294b9082	-1.8374998298124918E177	2.2494568972715982E161
float	f1ca21fb	-2.0018257E30	1.5111573E23
double	b351c8313db911a0	-1.729026033312019E-61	3.454467422037778E-77
float	a9cc8600	-9.082665E-14	6.7762636E-21
double	28a323a5a2469d92	6.217509564057664E-113	1.154122327223217E-128
float	5ede81e2	8.0166723E18	5.497558E11
double	6a321fcab5f6c47d	3.551531063319189E203	6.96173189944793E187
float	b75f616a	-1.3314517E-5	9.094947E-13
double	31f4ad6edbac86a5	4.793563083059129E-68	8.236092143148846E-84
float	a3889ec5	-1.4812391E-17	1.6543612E-24
double	3775f97aaa600449	1.5765950622212398E-41	2.5489470578119236E-57
float	e8b20c98	-6.7265084E24	5.7646075E17
double	217a3050595fe305	2.0481252214676848E-147	2.778448436856347E-163
float	31a2e4b2	4.74082E-9	4.440892E-16
double	242d14f536fa3c36	2.000572183906226E-134	2.443949090799684E-150
float	3c52846c	0.012848955	9.313226E-10
double	2c9db601b151f899	8.902215327189785E-94	1.0644899600020377E-109
float	a1c13c5	7.514845E-33	7.34684E-40
double	c3087517c7355cba	-8.605180534895592E14	0.125
float	e0386a72	-5.3154236E19	4.3980465E12
double	7f25fab54e18df9c	3.014533145491257E304	4.8726570057E288
float	7ee45bd8	1.5177043E38	1.0141205E31
double	2308204148e51aa0	6.3310723912477035E-140	9.322925914000258E-156
float	23606219	1.2163837E-17	8.271806E-25
double	f82c376c0640c3a1	-7.4533092247156025E270	9.384396036005875E254
float	e988b9b0	-2.066135E25	2.305843E18
double	446d10e3fc21ec6b	4.289381373476222E21	524288.0
float	a8a16f47	-1.792285E-14	1.6940659E-21
double	2d6da89970d57f66	7.27983984198558E-90	8.720301752336693E-106
float	93a991c2	-4.2805326E-27	3.85186E-34
double	bcb43c8a225e1bca	-2.808376137386479E-16	4.930380657631324E-32
float	1d7cf343	3.3477686E-21	2.019484E-28
double	f2a276ae1b46a525	-1.5758785575532424E244	3.032261899024822E228
float	b55963de	-8.0984125E-7	5.684342E-14
double	b54525bdb786524a	-4.415788608555848E-52	7.418412301374843E-68
float	135fbd3c	2.8239857E-27	1.92593E-34
double	ea3a395794d0375c	-5.138731194260657E203	6.96173189944793E187
float	31135869	2.144157E-9	2.220446E-16
double	edd1899bf2c98f90	-9.905249199062812E220	2.0065826040452475E205
float	d7fbb9c6	-5.5355062E14	3.3554432E7
double	3cc247a50892f647	5.073680909087256E-16	9.860761315262648E-32
float	613722e7	2.1114182E20	1.7592186E13
double	56e7f3f29346c4b7	4.500356237322729E110	6.674959487252844E94
float	c4e4312e	-1825.5369	1.2207031E-4
double	dbd0364097ecc486	-1.8411646120958343E134	4.034765434510795E118
float	3d699709	0.057028804	3.7252903E-9
double	8b176d40586033b4	-3.120440967940843E-255	4.732208744667099E-271
float	260fc674	4.9882046E-16	5.293956E-23
double	88719a88ebf451a3	-5.331465906776417E-268	1.0759796952395615E-283
float	342e247c	1.6218286E-7	1.4210855E-14
double	aea59be94f497ac0	-5.561686003261514E-84	9.1438991302582E-100
float	7a4c9940	2.655842E35	1.9807041E28
double	e5453431af02836c	-6.873893991737062E179	1.1517219314030583E164
float	49dd8b22	1814884.2	0.125
double	2bbca68561e5b33d	5.239540657949835E-98	6.497131103528062E-114
float	e2bc9b40	-1.7395874E21	1.4073749E14
double	600e50a6bdfb0f65	5.0807286391296296E154	5.954262829429612E138
float	46df4c88	28582.266	0.001953125
double	3e44770c9e49909a	9.529775143661898E-9	1.6543612251060553E-24
float	e2c665a3	-1.8298895E21	1.4073749E14
double	c46c627526beebc0	-4.188827627626403E21	524288.0
float	58a4f8b0	1.4511041E15	1.3421773E8
double	6fb0bf502631c710	1.0156450086068752E230	2.154551665274214E214
float	15535af	3.9160437E-38	2.8E-45
double	9372b45ae4fcc392	-5.425871261639387E-215	1.0305838031355413E-230
float	95854388	-5.382482E-26	6.162976E-33
double	bfdedcfecef98360	-0.48223848545426584	5.551115123125783E-17
float	b7b83fa6	-2.1964148E-5	1.8189894E-12
double	6050a2da011afc49	8.92216624660762E155	1.9053641054174757E140
float	8c7f25a7	-1.9655816E-31	1.1754944E-38
double	937c8827720e33ce	-8.276620941281299E-215	1.0305838031355413E-230
float	d5e4cd7b	-3.1446398E13	2097152.0
double	166d30516ffd2a8f	1.1916488222316071E-200	1.450417759929779E-216
float	d2b6f627	-3.929069E11	32768.0
double	8d29a0fc6145a00f	-2.9323964086578196E-245	4.064936359238081E-261
float	d211b2fe	-1.5644331E11	16384.0
double	6849e714bc24a313	2.363586974542591E194	3.241809038188276E178
float	f09dbcb1	-3.905381E29	3.7778932E22
double	d76f8a3a161720ee	-1.5170132557298102E113	1.708789628736728E97
float	61c71389	4.590387E20	3.5184372E13
double	fab21fcfc152ff7	3.4134020604253636E-233	4.4694447931517093E-249
float	d070c21d	-1.6157013E10	1024.0
double	b979d38bf95801c2	-7.958359943545959E-32	1.0947644252537633E-47
float	a0b85557	-3.1227286E-19	2.5849394E-26
double	af0ecf5a6ccf6dd5	-5.0750756178632414E-82	5.852095443365248E-98
float	ad90f32c	-1.6478895E-11	1.7347235E-18
double	be9c9bb34392851b	-4.2629546077352345E-7	5.293955920339377E-23
float	138bfd0d	3.533806E-27	3.85186E-34
double	a9cfe3586f50fb9b	-2.715562271878909E-107	3.02546243347603E-123
float	ff68cc49	-3.094416E38	2.028241E31
double	b7da946bdf0cfb2a	-1.2204832280998453E-39	1.6313261169996311E-55
float	ca2e181b	-2852358.8	0.25
double	bc12c636a7de0ea3	-2.544388240719945E-19	4.81482486096809E-35
float	78778e5e	2.0084139E34	1.2379401E27
double	665002402dd6a3cf	6.802302032999889E184	1.5095849699286165E169
float	a84566fc	-1.0958028E-14	8.4703295E-22
double	11e667dca26a30da	1.9370103023160048E-222	3.0713790748582522E-238
float	4a4a3c0d	3313411.2	0.25
double	6b6a00be2c100751	2.6714608844323124E209	3.649952494097756E193
float	c47cb082	-1010.75793	6.1035156E-5
double	4d4c15b1780080d5	2.310678317924937E64	2.923003274661806E48
float	2490a3fb	6.272784E-17	6.617445E-24
double	6e5dcfddcf16d830	4.310499472178375E223	5.136851466355834E207
float	bfcb1db2	-1.5868437	1.1920929E-7
double	f1cd08c2a97bcc23	-1.5125046879302262E240	1.8507457879790174E224
float	486657eb	235871.67	0.015625
double	8446896fec1e9d90	-4.6251693938331515E-288	7.291122019556398E-304
float	906e41db	-4.6987957E-29	3.0092655E-36
double	dd64b1a1ab38da37	-7.885872609237743E141	1.3538426240824291E126
float	27a631d9	4.61283E-15	4.2351647E-22
double	82765e77889292b	2.2144903870637895E-269	3.36243654762363E-285
float	d19c14e5	-8.379568E10	8192.0
double	41e85c7bf9114ac7	3.269713864540378E9	4.76837158203125E-7
float	3af9bf5e	0.0019054224	1.1641532E-10
double	a6d43dea152f84ce	-1.2248193209083438E-121	2.1497203544214684E-137
float	7a63b619	2.955862E35	1.9807041E28
double	5b9bb352eebb1473	1.966189902189418E133	2.5217283965692467E117
float	dedce8f2	-7.9591195E18	5.497558E11
double	9bc34a5f780e62cf	-6.093354503597816E-175	1.1222063866923024E-190
float	e509dbca	-4.0688663E22	4.5035996E15
double	fe93356e23030905	-5.145575007647179E301	9.516908214257812E285
float	8e8f3dfa	-3.5311903E-30	3.761582E-37
double	324bd6fc4fba81fb	2.065270218131166E-66	2.635549485807631E-82
float	29ed70a1	1.0544452E-13	6.7762636E-21
double	bc7cc255a80a5abb	-2.4944559883865198E-17	3.0814879110195774E-33
float	1686c79c	2.177484E-25	2.4651903E-32
double	a8abb7c0e19b0ec	6.954582333600989E-258	9.242595204427927E-274
float	298d9986	6.28829E-14	6.7762636E-21
double	baa723f13bae0250	-3.738533198863313E-26	5.739718509874451E-42
float	3890f3c7	6.911862E-5	7.275958E-12
double	7e9b8e05d5557dcc	7.381295049793219E301	9.516908214257812E285
float	6beb4753	5.6886877E26	3.689349E19
double	c24de6a5f050a7bb	-2.568473724493104E11	3.0517578125E-5
float	3e35f04	1.3363675E-36	9.0E-44
double	5ab4ad739ec3f6ec	8.958125575671062E128	1.5391408670466593E113
float	3c41dd7	1.15266955E-36	9.0E-44
double	245a1789367d5fe3	1.4359134470844056E-133	1.955159272639747E-149
float	84fbcedb	-5.9199783E-36	3.59E-43
double	14e40c691c917db8	4.8785912457673024E-208	8.645163535653227E-224
float	f7a4edd7	-6.6903176E33	6.1897002E26
double	aaeb80010c13bfbe	-6.139096000712892E-102	7.931068241611404E-118
float	9e81dff1	-1.3751026E-20	1.6155871E-27
double	a2d61e8b260260f1	-7.255604937370867E-141	1.1653657392500323E-156
float	9cd8d204	-1.4347969E-21	1.009742E-28
double	ebcafb652eb08188	-1.774113169308529E211	2.335969596222564E195
float	2a89236	2.4769302E-37	2.2E-44
double	189ff2edfb30c34	3.032734503188789E-301	4.144523E-317
float	18443f2a	2.5364296E-24	1.9721523E-31
double	6bfd5e83b9bcd31f	1.5448597002313375E212	1.8687756769780512E196
float	4f7e4ab6	4.266309E9	256.0
double	645bed5baa1eea31	2.762896250608176E175	3.514776401986872E159
float	8d5d9602	-6.828145E-31	4.7019774E-38
double	7e306a17c9086ca5	6.870389896577223E299	1.487016908477783E284
float	b2f8e5e3	-2.897554E-8	1.7763568E-15
double	bf2f1af727ceec2b	-2.3731486353803627E-4	2.710505431213761E-20
float	2f9f1168	2.89343E-10	2.7755576E-17
double	df3f3888952654f3	-6.387374066600061E150	7.268387242956069E134
float	d2545e78	-2.280295E11	16384.0
double	5b9a9d669614d48e	1.889130971120616E133	2.5217283965692467E117
float	f5efd5e8	-6.080554E32	3.8685626E25
double	3cf1d496bad3cd88	3.95914966458688E-15	7.888609052210118E-31
float	6d2e2c4c	3.3689965E27	2.951479E20
double	ff2b9c23223d33c0	-3.7867849453580634E304	4.8726570057E288
float	af8e7fdc	-2.59205E-10	2.7755576E-17
double	441f9bdf9cdd1f5	3.689066361449805E-288	7.291122019556398E-304
float	14c023a2	1.94011E-26	1.540744E-33
double	c124b5dc70924d7a	-678638.2198662006	1.1641532182693481E-10
float	a7d96395	-6.0337566E-15	4.2351647E-22
double	2044b8734ce8f6f5	3.090812376371089E-153	5.299469827377981E-169
float	3b8318dd	0.0040007667	4.656613E-10
double	6a938f447a7a2a48	2.4530019157637773E205	4.455508415646675E189
float	926dd745	-7.5049354E-28	4.814825E-35
double	14d2a787709dd3b2	2.2696795061587043E-208	4.322581767826614E-224
float	ec5d2da5	-1.0695526E27	7.378698E19
double	54f8a6a7695bbc09	2.1567160045365605E101	3.1082702275611665E85
float	da55e0a0	-1.5050287E16	1.0737418E9
double	9074c15813c18bed	-2.139002468716529E-229	3.6613691745498803E-245
float	99043dd	3.4730557E-33	3.67342E-40
double	56b16dc5f1ad8582	4.0932282810193124E109	8.343699359066055E93
float	dc03906b	-1.4812804E17	1.717987E10
double	1a56d6960dc61bf6	8.599733947943892E-182	1.3377742608693866E-197
float	c0aaeff5	-5.3417916	4.7683716E-7
double	87035fbc4ee47457	-6.994755291117935E-275	1.2826677504057426E-290
float	e8bc480	3.445537E-30	3.761582E-37
double	b06f1c56b5bbfc0	1.528096383512027E-255	2.3661043723335494E-271
float	35cf3789	1.5438865E-6	1.1368684E-13
double	d569dad7c66de219	-2.8954137736000525E103	3.978585891278293E87
float	4b04e3	6.889415E-39	1.4E-45
double	7e2dedc7b706c476	6.2634760762337754E299	7.435084542388915E283
float	520dc241	1.5221236E11	16384.0
double	bad06a4fe63cc1d	1.9795212388125585E-252	2.4228908772695546E-268
float	da4afd	2.0047039E-38	1.4E-45
double	58ad2f0cd4015855	1.4718718136278278E119	1.7917957937422434E103
float	e476b272	-1.820303E22	1.1258999E15
double	d5728c9ede2f935c	-4.154569520193569E103	7.957171782556586E87
float	9f95ca1f	-6.3438336E-20	6.4623485E-27
double	72c1b2422f6d0ebf	6.041565860762977E244	1.2129047596099289E229
float	b1916ff3	-4.2327826E-9	4.440892E-16
double	f4e976489abccc8f	-1.493411984414865E255	2.0837545102749545E239
float	f21bd6d7	-3.0867137E30	3.0223145E23
double	81c0cc8e86dcdeb9	-3.135588398231932E-300	6.63123685E-316
float	75ae1b19	4.4141077E32	3.8685626E25
double	8be8ad9b4d63263c	-2.692813314931401E-251	3.8766254036312874E-267
float	2d87deba	1.5446634E-11	1.7347235E-18
double	47a7d8cbdb06f05e	1.5848957353380608E37	2.3611832414348226E21
float	44db6ee7	1755.4657	1.2207031E-4
double	7ad674ff5779fd79	5.217807850969281E283	8.25460204899477E267
float	d32694b5	-7.1545946E11	65536.0
double	bff7f2325c99a9e7	-1.4966300599286286	2.220446049250313E-16
float	5d7560c9	1.1050846E18	6.871948E10
double	c8e14258f6d93387	-1.2027886006645822E43	2.4758800785707605E27
float	54ca1602	6.943621E12	524288.0
double	b649986d5fc4a751	-3.502619259870307E-47	4.861730685829017E-63
float	6d20196f	3.0967718E27	2.951479E20
double	608dccd37626059a	1.2785729253491997E157	1.5242912843339806E141
float	606b6a50	6.7853836E19	4.3980465E12
double	b082fa23f76bafd7	-5.24446502141088E-75	9.818186930595453E-91
float	2dd9c5b4	2.4757842E-11	1.7347235E-18
double	57485f5b45ce5d64	2.9306789017976284E112	4.27197407184182E96
float	2a326dc6	1.5847661E-13	1.3552527E-20
double	e7357a48d0dde2ae	-1.4952180530341273E189	2.4733040147310453E173
float	8a4f8787	-9.992177E-33	7.34684E-40
double	e4b9b217faad1c40	-1.626962548023445E177	2.2494568972715982E161
float	7f557de0	2.8377914E38	2.028241E31
double	68f421d3830848ca	3.762244171813061E197	6.639224910209589E181
float	c5674e51	-3700.8948	2.4414062E-4
double	1e0a3b451b4b940f	5.693979275321201E-164	7.71174356832923E-180
float	21d23a61	1.4245606E-18	1.0339758E-25
double	87cae2b7b3da4b93	-3.975885785816434E-271	5.253807105661922E-287
float	ac4be356	-2.8974232E-12	2.1684043E-19
double	6fee242e58728824	1.4623426102985227E231	1.723641332219371E215
float	fb3ae1c7	-9.703465E35	7.9228163E28
double	8e852a2bea9150d4	-1.015701825953471E-238	1.704957883129772E-254
float	d979d1f5	-4.3948825E15	2.6843546E8
double	715369489e8bfdd6	7.900060469512604E237	1.4458951468586074E222
float	bd165507	-0.036702182	3.7252903E-9
double	6d960fa77a137a4e	7.787624176301672E219	1.2541141275282797E204
float	3e1454e5	0.1448551	1.4901161E-8
double	5f0a3495eaa0a788	6.701605570241184E149	9.085484053695086E133
float	6889307d	5.182869E24	5.7646075E17
double	89bbc3142c7853aa	-8.816474315355305E-262	1.1282464849155185E-277
float	f5fe8b1	1.10395636E-29	7.523164E-37
double	36f3c7d3cc1b1e53	5.543698019970498E-44	9.956824444577827E-60
float	c52db84f	-2779.5193	2.4414062E-4
double	5db688329b68a3cd	2.7476292049396814E143	4.332296397063773E127
float	59a4e123	5.8011796E15	5.368709E8
double	f4306033e8313d8f	-4.689847347647643E251	1.0174582569701926E236
float	9a9f24bc	-6.5820206E-23	6.3108872E-30
double	a356de24312faeae	-1.9202830311007928E-138	2.983336292480083E-154
float	556d326c	1.6300051E13	1048576.0
double	14d9ef7a0f9b18ec	3.155563337570785E-208	4.322581767826614E-224
float	b67f3702	-3.802998E-6	2.2737368E-13
double	fc4939833f2a8b47	-4.9164444394088266E290	6.924462078501392E274
float	a21cd819	-2.1256344E-18	2.0679515E-25
double	677d66e2e47f00dd	3.27501027823627E190	3.9572864235696725E174
float	e7b679ec	-1.7234395E24	1.4411519E17
double	9a1444a8e15bd539	-4.769994376014551E-183	8.361089130433666E-199
float	7760b340	4.5574614E33	3.0948501E26
double	84732e2073dc2a88	-3.149030627784181E-287	5.832897615645118E-303
float	93573923	-2.7164986E-27	1.92593E-34
double	474abce5c340842c	2.7766203000836026E35	3.6893488147419103E19
float	7bcaae6a	2.104763E36	1.5845633E29
double	6fc94d3f0120a770	3.068860405133738E230	4.309103330548428E214
float	e69fa0d1	-3.769114E23	3.6028797E16
double	c67f0cd9fd5f2328	-3.9360806263625618E31	4.503599627370496E15
float	527411a	7.8642595E-36	7.17E-43
double	15be5a68ab63b693	6.050717188214713E-204	7.082117968407124E-220
float	5b62ab40	6.3801636E16	4.2949673E9
double	6afd832db76d904b	2.368764048337811E207	2.851525386013872E191
float	1a455e0e	4.0814622E-23	3.1554436E-30
double	45ae74ae2a98ebbd	4.712804083633014E27	5.49755813888E11
float	681b1474	2.9293764E24	2.8823038E17
double	79d4ca5ba8cee9aa	7.370893289551848E278	1.2595523146049148E263
float	91413e8d	-1.524429E-28	1.2037062E-35
double	714e0b6263f28335	6.1137988295288196E237	7.229475734293037E221
float	c5448bf7	-3144.7478	2.4414062E-4
double	8d2e14d57aee643	3.659551128647428E-266	6.886270049533194E-282
float	1b00aa50	1.0642943E-22	1.2621775E-29
double	de0ef5b0f84e470f	-1.2081062153908788E145	1.3863348470604074E129
float	f9925b4f	-9.499091E34	9.9035203E27
double	1a6895f3a2e0a248	1.8515526417992797E-181	2.6755485217387732E-197
float	4a2e1ef6	2852797.5	0.25
double	55910070a14700ce	1.5231803934474958E104	3.1828687130226345E88
float	ddd7c3cc	-1.9434368E18	1.3743895E11
double	6653a2dcd2b6c2c	7.48424469695052E-278	1.252605225005608E-293
float	920ae305	-4.3824945E-28	4.814825E-35
double	d798a869b6805d1c	-9.487981178875335E113	1.3670317029893825E98
float	1d1500bc	1.9720365E-21	2.019484E-28
double	da00488a976a7436	-3.4445489446492285E125	7.515336264876266E109
float	b9776fd6	-2.3597418E-4	1.4551915E-11
double	41bdc57ab981b8b6	4.994812735067247E8	5.960464477539063E-8
float	d7bf332a	-4.2045294E14	3.3554432E7
double	b57cc1d4a555f286	-4.8038186418888266E-51	5.934729841099874E-67
float	7e20030e	5.3173085E37	5.0706024E30
double	b69c876e5fd054e9	-1.2493025944946145E-45	1.5557538194652854E-61
float	bb0c12a0	-0.0021373406	2.3283064E-10
double	64b98567d4ea77d9	1.6159098282015828E177	2.2494568972715982E161
float	7888636c	2.2130278E34	2.4758801E27
double	2bf0df5597773f33	4.936944692135511E-97	1.03954097656449E-112
float	840222b7	-1.5297367E-36	1.8E-43
double	299f95b9f2fa3b62	3.3621775521798064E-108	3.7818280418450374E-124
float	54374611	3.1486181E12	262144.0
double	962e58cbb8ac9ae0	-7.743310214085822E-202	9.065110999561118E-218
float	d950ef54	-3.6756212E15	2.6843546E8
double	d0516fa9716c6499	-8.075886492802684E78	1.645504557321206E63
float	60ae1892	1.003595E20	8.796093E12
double	38ab0c6e101c44bb	1.0174535336611177E-35	1.3363823550460978E-51
float	b3db81dd	-1.0221604E-7	7.1054274E-15
double	20912662692f19d0	8.186245731629966E-152	1.695830344760954E-167
float	a0659174	-1.9445181E-19	1.2924697E-26
double	632dc95db2c7c82f	5.620672811389976E169	6.703903964971299E153
float	d97a6fd4	-4.4057313E15	2.6843546E8
double	7f7327029c5594e8	8.40578820519874E305	1.559250241824E290
float	cda81bdb	-3.5254973E8	32.0
double	342765baef55a26b	1.8637091317409346E-57	2.8298997121333476E-73
float	a2d69f95	-5.817378E-18	4.135903E-25
double	42a42e3fbcd63588	1.1094435195674766E13	0.001953125
float	dda04c9a	-1.443847E18	1.3743895E11
double	27d2664ecef5ab63	7.296440031501952E-117	1.4088407314736535E-132
